2026-05-06 10:00:57 INFO  ro.mpp2026.repository.db.JdbcUtils - Initializing JdbcUtils
2026-05-06 10:00:57 INFO  ro.mpp2026.repository.db.JdbcUtils - Database configuration loaded successfully
2026-05-06 10:00:57 INFO  ro.mpp2026.repository.db.UserDbRepository - Initializing UserDbRepository
2026-05-06 10:00:57 INFO  ro.mpp2026.repository.db.ChildDbRepository - Initializing ChildDbRepository
2026-05-06 10:00:57 INFO  ro.mpp2026.repository.db.EventDbRepository - Initializing EventDbRepository
2026-05-06 10:00:57 INFO  ro.mpp2026.repository.db.RegistrationDbRepository - Initializing RegistrationDbRepository
2026-05-06 10:01:20 INFO  ro.mpp2026.repository.db.UserDbRepository - Entering findByUsername with username=oficiu1
2026-05-06 10:01:20 INFO  ro.mpp2026.repository.db.JdbcUtils - Getting database connection
2026-05-06 10:01:20 INFO  ro.mpp2026.repository.db.JdbcUtils - Database connection established successfully
2026-05-06 10:01:20 ERROR ro.mpp2026.repository.db.UserDbRepository - Error in findByUsername for username=oficiu1
org.sqlite.SQLiteException: [SQLITE_ERROR] SQL error or missing database (no such table: users)
	at org.sqlite.core.DB.newSQLException(DB.java:1179) ~[sqlite-jdbc-3.45.1.0.jar:?]
	at org.sqlite.core.DB.newSQLException(DB.java:1190) ~[sqlite-jdbc-3.45.1.0.jar:?]
	at org.sqlite.core.DB.throwex(DB.java:1150) ~[sqlite-jdbc-3.45.1.0.jar:?]
	at org.sqlite.core.NativeDB.prepare_utf8(Native Method) ~[sqlite-jdbc-3.45.1.0.jar:?]
	at org.sqlite.core.NativeDB.prepare(NativeDB.java:132) ~[sqlite-jdbc-3.45.1.0.jar:?]
	at org.sqlite.core.DB.prepare(DB.java:264) ~[sqlite-jdbc-3.45.1.0.jar:?]
	at org.sqlite.core.CorePreparedStatement.<init>(CorePreparedStatement.java:46) ~[sqlite-jdbc-3.45.1.0.jar:?]
	at org.sqlite.jdbc3.JDBC3PreparedStatement.<init>(JDBC3PreparedStatement.java:32) ~[sqlite-jdbc-3.45.1.0.jar:?]
	at org.sqlite.jdbc4.JDBC4PreparedStatement.<init>(JDBC4PreparedStatement.java:25) ~[sqlite-jdbc-3.45.1.0.jar:?]
	at org.sqlite.jdbc4.JDBC4Connection.prepareStatement(JDBC4Connection.java:34) ~[sqlite-jdbc-3.45.1.0.jar:?]
	at org.sqlite.jdbc3.JDBC3Connection.prepareStatement(JDBC3Connection.java:225) ~[sqlite-jdbc-3.45.1.0.jar:?]
	at org.sqlite.jdbc3.JDBC3Connection.prepareStatement(JDBC3Connection.java:205) ~[sqlite-jdbc-3.45.1.0.jar:?]
	at ro.mpp2026.repository.db.UserDbRepository.findByUsername(UserDbRepository.java:28) [main/:?]
	at ro.mpp2026.service.ContestService.authenticate(ContestService.java:250) [main/:?]
	at ro.mpp2026.service.ContestService.login(ContestService.java:44) [main/:?]
	at ro.mpp2026.network.objectprotocol.ContestClientObjectWorker.handleRequest(ContestClientObjectWorker.java:74) [main/:?]
	at ro.mpp2026.network.objectprotocol.ContestClientObjectWorker.run(ContestClientObjectWorker.java:51) [main/:?]
	at java.base/java.lang.Thread.run(Thread.java:840) [?:?]
2026-05-06 10:03:31 INFO  ro.mpp2026.repository.db.JdbcUtils - Initializing JdbcUtils
2026-05-06 10:03:31 INFO  ro.mpp2026.repository.db.JdbcUtils - Database configuration loaded successfully
2026-05-06 10:03:31 INFO  ro.mpp2026.repository.db.UserDbRepository - Initializing UserDbRepository
2026-05-06 10:03:31 INFO  ro.mpp2026.repository.db.ChildDbRepository - Initializing ChildDbRepository
2026-05-06 10:03:31 INFO  ro.mpp2026.repository.db.EventDbRepository - Initializing EventDbRepository
2026-05-06 10:03:31 INFO  ro.mpp2026.repository.db.RegistrationDbRepository - Initializing RegistrationDbRepository
2026-05-06 10:03:51 INFO  ro.mpp2026.repository.db.UserDbRepository - Entering findByUsername with username=oficiu1
2026-05-06 10:03:51 INFO  ro.mpp2026.repository.db.JdbcUtils - Getting database connection
2026-05-06 10:03:51 INFO  ro.mpp2026.repository.db.JdbcUtils - Database connection established successfully
2026-05-06 10:03:51 INFO  ro.mpp2026.repository.db.UserDbRepository - User found with username=oficiu1: User{id=1, username='oficiu1', passwordHash='03ac674216f3e15c761ee1a5e255f067953623c8b388b4459e13f978d7c846f4', office='Centru'}
2026-05-06 10:03:51 INFO  ro.mpp2026.repository.db.EventDbRepository - Entering findAll
2026-05-06 10:03:51 INFO  ro.mpp2026.repository.db.JdbcUtils - Getting database connection
2026-05-06 10:03:51 INFO  ro.mpp2026.repository.db.JdbcUtils - Database connection established successfully
2026-05-06 10:03:51 INFO  ro.mpp2026.repository.db.EventDbRepository - findAll completed, 8 events loaded
2026-05-06 10:03:51 INFO  ro.mpp2026.repository.db.RegistrationDbRepository - Entering findByEventId with eventId=1
2026-05-06 10:03:51 INFO  ro.mpp2026.repository.db.JdbcUtils - Getting database connection
2026-05-06 10:03:51 INFO  ro.mpp2026.repository.db.JdbcUtils - Database connection established successfully
2026-05-06 10:03:51 INFO  ro.mpp2026.repository.db.RegistrationDbRepository - findByEventId completed, 2 registrations found
2026-05-06 10:03:51 INFO  ro.mpp2026.repository.db.RegistrationDbRepository - Entering findByEventId with eventId=2
2026-05-06 10:03:51 INFO  ro.mpp2026.repository.db.JdbcUtils - Getting database connection
2026-05-06 10:03:51 INFO  ro.mpp2026.repository.db.JdbcUtils - Database connection established successfully
2026-05-06 10:03:51 INFO  ro.mpp2026.repository.db.RegistrationDbRepository - findByEventId completed, 1 registrations found
2026-05-06 10:03:51 INFO  ro.mpp2026.repository.db.RegistrationDbRepository - Entering findByEventId with eventId=3
2026-05-06 10:03:51 INFO  ro.mpp2026.repository.db.JdbcUtils - Getting database connection
2026-05-06 10:03:51 INFO  ro.mpp2026.repository.db.JdbcUtils - Database connection established successfully
2026-05-06 10:03:51 INFO  ro.mpp2026.repository.db.RegistrationDbRepository - findByEventId completed, 1 registrations found
2026-05-06 10:03:51 INFO  ro.mpp2026.repository.db.RegistrationDbRepository - Entering findByEventId with eventId=4
2026-05-06 10:03:51 INFO  ro.mpp2026.repository.db.JdbcUtils - Getting database connection
2026-05-06 10:03:51 INFO  ro.mpp2026.repository.db.JdbcUtils - Database connection established successfully
2026-05-06 10:03:51 INFO  ro.mpp2026.repository.db.RegistrationDbRepository - findByEventId completed, 3 registrations found
2026-05-06 10:03:51 INFO  ro.mpp2026.repository.db.RegistrationDbRepository - Entering findByEventId with eventId=5
2026-05-06 10:03:51 INFO  ro.mpp2026.repository.db.JdbcUtils - Getting database connection
2026-05-06 10:03:51 INFO  ro.mpp2026.repository.db.JdbcUtils - Database connection established successfully
2026-05-06 10:03:51 INFO  ro.mpp2026.repository.db.RegistrationDbRepository - findByEventId completed, 1 registrations found
2026-05-06 10:03:51 INFO  ro.mpp2026.repository.db.RegistrationDbRepository - Entering findByEventId with eventId=6
2026-05-06 10:03:51 INFO  ro.mpp2026.repository.db.JdbcUtils - Getting database connection
2026-05-06 10:03:51 INFO  ro.mpp2026.repository.db.JdbcUtils - Database connection established successfully
2026-05-06 10:03:51 INFO  ro.mpp2026.repository.db.RegistrationDbRepository - findByEventId completed, 3 registrations found
2026-05-06 10:03:51 INFO  ro.mpp2026.repository.db.RegistrationDbRepository - Entering findByEventId with eventId=7
2026-05-06 10:03:51 INFO  ro.mpp2026.repository.db.JdbcUtils - Getting database connection
2026-05-06 10:03:51 INFO  ro.mpp2026.repository.db.JdbcUtils - Database connection established successfully
2026-05-06 10:03:51 INFO  ro.mpp2026.repository.db.RegistrationDbRepository - findByEventId completed, 4 registrations found
2026-05-06 10:03:51 INFO  ro.mpp2026.repository.db.RegistrationDbRepository - Entering findByEventId with eventId=8
2026-05-06 10:03:51 INFO  ro.mpp2026.repository.db.JdbcUtils - Getting database connection
2026-05-06 10:03:51 INFO  ro.mpp2026.repository.db.JdbcUtils - Database connection established successfully
2026-05-06 10:03:51 INFO  ro.mpp2026.repository.db.RegistrationDbRepository - findByEventId completed, 1 registrations found
2026-05-06 10:03:51 INFO  ro.mpp2026.repository.db.EventDbRepository - Entering findAll
2026-05-06 10:03:51 INFO  ro.mpp2026.repository.db.JdbcUtils - Getting database connection
2026-05-06 10:03:51 INFO  ro.mpp2026.repository.db.JdbcUtils - Database connection established successfully
2026-05-06 10:03:51 INFO  ro.mpp2026.repository.db.EventDbRepository - findAll completed, 8 events loaded
2026-05-06 10:03:51 INFO  ro.mpp2026.repository.db.RegistrationDbRepository - Entering findByEventId with eventId=1
2026-05-06 10:03:51 INFO  ro.mpp2026.repository.db.JdbcUtils - Getting database connection
2026-05-06 10:03:51 INFO  ro.mpp2026.repository.db.JdbcUtils - Database connection established successfully
2026-05-06 10:03:51 INFO  ro.mpp2026.repository.db.RegistrationDbRepository - findByEventId completed, 2 registrations found
2026-05-06 10:03:51 INFO  ro.mpp2026.repository.db.RegistrationDbRepository - Entering findByEventId with eventId=2
2026-05-06 10:03:51 INFO  ro.mpp2026.repository.db.JdbcUtils - Getting database connection
2026-05-06 10:03:51 INFO  ro.mpp2026.repository.db.JdbcUtils - Database connection established successfully
2026-05-06 10:03:51 INFO  ro.mpp2026.repository.db.RegistrationDbRepository - findByEventId completed, 1 registrations found
2026-05-06 10:03:51 INFO  ro.mpp2026.repository.db.RegistrationDbRepository - Entering findByEventId with eventId=3
2026-05-06 10:03:51 INFO  ro.mpp2026.repository.db.JdbcUtils - Getting database connection
2026-05-06 10:03:51 INFO  ro.mpp2026.repository.db.JdbcUtils - Database connection established successfully
2026-05-06 10:03:51 INFO  ro.mpp2026.repository.db.RegistrationDbRepository - findByEventId completed, 1 registrations found
2026-05-06 10:03:51 INFO  ro.mpp2026.repository.db.RegistrationDbRepository - Entering findByEventId with eventId=4
2026-05-06 10:03:51 INFO  ro.mpp2026.repository.db.JdbcUtils - Getting database connection
2026-05-06 10:03:51 INFO  ro.mpp2026.repository.db.JdbcUtils - Database connection established successfully
2026-05-06 10:03:51 INFO  ro.mpp2026.repository.db.RegistrationDbRepository - findByEventId completed, 3 registrations found
2026-05-06 10:03:51 INFO  ro.mpp2026.repository.db.RegistrationDbRepository - Entering findByEventId with eventId=5
2026-05-06 10:03:51 INFO  ro.mpp2026.repository.db.JdbcUtils - Getting database connection
2026-05-06 10:03:51 INFO  ro.mpp2026.repository.db.JdbcUtils - Database connection established successfully
2026-05-06 10:03:51 INFO  ro.mpp2026.repository.db.RegistrationDbRepository - findByEventId completed, 1 registrations found
2026-05-06 10:03:51 INFO  ro.mpp2026.repository.db.RegistrationDbRepository - Entering findByEventId with eventId=6
2026-05-06 10:03:51 INFO  ro.mpp2026.repository.db.JdbcUtils - Getting database connection
2026-05-06 10:03:51 INFO  ro.mpp2026.repository.db.JdbcUtils - Database connection established successfully
2026-05-06 10:03:51 INFO  ro.mpp2026.repository.db.RegistrationDbRepository - findByEventId completed, 3 registrations found
2026-05-06 10:03:51 INFO  ro.mpp2026.repository.db.RegistrationDbRepository - Entering findByEventId with eventId=7
2026-05-06 10:03:51 INFO  ro.mpp2026.repository.db.JdbcUtils - Getting database connection
2026-05-06 10:03:51 INFO  ro.mpp2026.repository.db.JdbcUtils - Database connection established successfully
2026-05-06 10:03:51 INFO  ro.mpp2026.repository.db.RegistrationDbRepository - findByEventId completed, 4 registrations found
2026-05-06 10:03:51 INFO  ro.mpp2026.repository.db.RegistrationDbRepository - Entering findByEventId with eventId=8
2026-05-06 10:03:51 INFO  ro.mpp2026.repository.db.JdbcUtils - Getting database connection
2026-05-06 10:03:51 INFO  ro.mpp2026.repository.db.JdbcUtils - Database connection established successfully
2026-05-06 10:03:51 INFO  ro.mpp2026.repository.db.RegistrationDbRepository - findByEventId completed, 1 registrations found
2026-05-06 10:03:57 INFO  ro.mpp2026.repository.db.RegistrationDbRepository - Entering findByEventId with eventId=1
2026-05-06 10:03:57 INFO  ro.mpp2026.repository.db.JdbcUtils - Getting database connection
2026-05-06 10:03:57 INFO  ro.mpp2026.repository.db.JdbcUtils - Database connection established successfully
2026-05-06 10:03:57 INFO  ro.mpp2026.repository.db.RegistrationDbRepository - findByEventId completed, 2 registrations found
2026-05-06 10:03:57 INFO  ro.mpp2026.repository.db.ChildDbRepository - Entering findById with id=1
2026-05-06 10:03:57 INFO  ro.mpp2026.repository.db.JdbcUtils - Getting database connection
2026-05-06 10:03:57 INFO  ro.mpp2026.repository.db.JdbcUtils - Database connection established successfully
2026-05-06 10:03:57 INFO  ro.mpp2026.repository.db.ChildDbRepository - Child found with id=1: Child{id=1, name='Ana Pop', cnp='1234567890123', age=7}
2026-05-06 10:03:57 INFO  ro.mpp2026.repository.db.RegistrationDbRepository - Entering findByChildId with childId=1
2026-05-06 10:03:57 INFO  ro.mpp2026.repository.db.JdbcUtils - Getting database connection
2026-05-06 10:03:57 INFO  ro.mpp2026.repository.db.JdbcUtils - Database connection established successfully
2026-05-06 10:03:57 INFO  ro.mpp2026.repository.db.RegistrationDbRepository - findByChildId completed, 2 registrations found
2026-05-06 10:03:57 INFO  ro.mpp2026.repository.db.EventDbRepository - Entering findById with id=1
2026-05-06 10:03:57 INFO  ro.mpp2026.repository.db.JdbcUtils - Getting database connection
2026-05-06 10:03:57 INFO  ro.mpp2026.repository.db.JdbcUtils - Database connection established successfully
2026-05-06 10:03:57 INFO  ro.mpp2026.repository.db.EventDbRepository - Event found with id=1: Event{id=1, name='50m', distance=50, minAge=6, maxAge=8}
2026-05-06 10:03:57 INFO  ro.mpp2026.repository.db.EventDbRepository - Entering findById with id=2
2026-05-06 10:03:57 INFO  ro.mpp2026.repository.db.JdbcUtils - Getting database connection
2026-05-06 10:03:57 INFO  ro.mpp2026.repository.db.JdbcUtils - Database connection established successfully
2026-05-06 10:03:57 INFO  ro.mpp2026.repository.db.EventDbRepository - Event found with id=2: Event{id=2, name='100m', distance=100, minAge=6, maxAge=8}
2026-05-06 10:03:57 INFO  ro.mpp2026.repository.db.ChildDbRepository - Entering findById with id=2
2026-05-06 10:03:57 INFO  ro.mpp2026.repository.db.JdbcUtils - Getting database connection
2026-05-06 10:03:57 INFO  ro.mpp2026.repository.db.JdbcUtils - Database connection established successfully
2026-05-06 10:03:57 INFO  ro.mpp2026.repository.db.ChildDbRepository - Child found with id=2: Child{id=2, name='Matei Ionescu', cnp='1234567890124', age=8}
2026-05-06 10:03:57 INFO  ro.mpp2026.repository.db.RegistrationDbRepository - Entering findByChildId with childId=2
2026-05-06 10:03:57 INFO  ro.mpp2026.repository.db.JdbcUtils - Getting database connection
2026-05-06 10:03:57 INFO  ro.mpp2026.repository.db.JdbcUtils - Database connection established successfully
2026-05-06 10:03:57 INFO  ro.mpp2026.repository.db.RegistrationDbRepository - findByChildId completed, 1 registrations found
2026-05-06 10:03:57 INFO  ro.mpp2026.repository.db.EventDbRepository - Entering findById with id=1
2026-05-06 10:03:57 INFO  ro.mpp2026.repository.db.JdbcUtils - Getting database connection
2026-05-06 10:03:57 INFO  ro.mpp2026.repository.db.JdbcUtils - Database connection established successfully
2026-05-06 10:03:57 INFO  ro.mpp2026.repository.db.EventDbRepository - Event found with id=1: Event{id=1, name='50m', distance=50, minAge=6, maxAge=8}
2026-05-06 10:03:58 INFO  ro.mpp2026.repository.db.RegistrationDbRepository - Entering findByEventId with eventId=2
2026-05-06 10:03:58 INFO  ro.mpp2026.repository.db.JdbcUtils - Getting database connection
2026-05-06 10:03:58 INFO  ro.mpp2026.repository.db.JdbcUtils - Database connection established successfully
2026-05-06 10:03:58 INFO  ro.mpp2026.repository.db.RegistrationDbRepository - findByEventId completed, 1 registrations found
2026-05-06 10:03:58 INFO  ro.mpp2026.repository.db.ChildDbRepository - Entering findById with id=1
2026-05-06 10:03:58 INFO  ro.mpp2026.repository.db.JdbcUtils - Getting database connection
2026-05-06 10:03:58 INFO  ro.mpp2026.repository.db.JdbcUtils - Database connection established successfully
2026-05-06 10:03:58 INFO  ro.mpp2026.repository.db.ChildDbRepository - Child found with id=1: Child{id=1, name='Ana Pop', cnp='1234567890123', age=7}
2026-05-06 10:03:58 INFO  ro.mpp2026.repository.db.RegistrationDbRepository - Entering findByChildId with childId=1
2026-05-06 10:03:58 INFO  ro.mpp2026.repository.db.JdbcUtils - Getting database connection
2026-05-06 10:03:58 INFO  ro.mpp2026.repository.db.JdbcUtils - Database connection established successfully
2026-05-06 10:03:58 INFO  ro.mpp2026.repository.db.RegistrationDbRepository - findByChildId completed, 2 registrations found
2026-05-06 10:03:58 INFO  ro.mpp2026.repository.db.EventDbRepository - Entering findById with id=1
2026-05-06 10:03:58 INFO  ro.mpp2026.repository.db.JdbcUtils - Getting database connection
2026-05-06 10:03:58 INFO  ro.mpp2026.repository.db.JdbcUtils - Database connection established successfully
2026-05-06 10:03:58 INFO  ro.mpp2026.repository.db.EventDbRepository - Event found with id=1: Event{id=1, name='50m', distance=50, minAge=6, maxAge=8}
2026-05-06 10:03:58 INFO  ro.mpp2026.repository.db.EventDbRepository - Entering findById with id=2
2026-05-06 10:03:58 INFO  ro.mpp2026.repository.db.JdbcUtils - Getting database connection
2026-05-06 10:03:58 INFO  ro.mpp2026.repository.db.JdbcUtils - Database connection established successfully
2026-05-06 10:03:58 INFO  ro.mpp2026.repository.db.EventDbRepository - Event found with id=2: Event{id=2, name='100m', distance=100, minAge=6, maxAge=8}
2026-05-06 10:04:04 INFO  ro.mpp2026.repository.db.RegistrationDbRepository - Entering findByEventId with eventId=2
2026-05-06 10:04:04 INFO  ro.mpp2026.repository.db.JdbcUtils - Getting database connection
2026-05-06 10:04:04 INFO  ro.mpp2026.repository.db.JdbcUtils - Database connection established successfully
2026-05-06 10:04:04 INFO  ro.mpp2026.repository.db.RegistrationDbRepository - findByEventId completed, 1 registrations found
2026-05-06 10:04:04 INFO  ro.mpp2026.repository.db.ChildDbRepository - Entering findById with id=1
2026-05-06 10:04:04 INFO  ro.mpp2026.repository.db.JdbcUtils - Getting database connection
2026-05-06 10:04:04 INFO  ro.mpp2026.repository.db.JdbcUtils - Database connection established successfully
2026-05-06 10:04:04 INFO  ro.mpp2026.repository.db.ChildDbRepository - Child found with id=1: Child{id=1, name='Ana Pop', cnp='1234567890123', age=7}
2026-05-06 10:04:04 INFO  ro.mpp2026.repository.db.RegistrationDbRepository - Entering findByChildId with childId=1
2026-05-06 10:04:04 INFO  ro.mpp2026.repository.db.JdbcUtils - Getting database connection
2026-05-06 10:04:04 INFO  ro.mpp2026.repository.db.JdbcUtils - Database connection established successfully
2026-05-06 10:04:04 INFO  ro.mpp2026.repository.db.RegistrationDbRepository - findByChildId completed, 2 registrations found
2026-05-06 10:04:04 INFO  ro.mpp2026.repository.db.EventDbRepository - Entering findById with id=1
2026-05-06 10:04:04 INFO  ro.mpp2026.repository.db.JdbcUtils - Getting database connection
2026-05-06 10:04:04 INFO  ro.mpp2026.repository.db.JdbcUtils - Database connection established successfully
2026-05-06 10:04:04 INFO  ro.mpp2026.repository.db.EventDbRepository - Event found with id=1: Event{id=1, name='50m', distance=50, minAge=6, maxAge=8}
2026-05-06 10:04:04 INFO  ro.mpp2026.repository.db.EventDbRepository - Entering findById with id=2
2026-05-06 10:04:04 INFO  ro.mpp2026.repository.db.JdbcUtils - Getting database connection
2026-05-06 10:04:04 INFO  ro.mpp2026.repository.db.JdbcUtils - Database connection established successfully
2026-05-06 10:04:04 INFO  ro.mpp2026.repository.db.EventDbRepository - Event found with id=2: Event{id=2, name='100m', distance=100, minAge=6, maxAge=8}
2026-05-06 10:04:04 INFO  ro.mpp2026.repository.db.RegistrationDbRepository - Entering findByEventId with eventId=2
2026-05-06 10:04:04 INFO  ro.mpp2026.repository.db.JdbcUtils - Getting database connection
2026-05-06 10:04:04 INFO  ro.mpp2026.repository.db.JdbcUtils - Database connection established successfully
2026-05-06 10:04:04 INFO  ro.mpp2026.repository.db.RegistrationDbRepository - findByEventId completed, 1 registrations found
2026-05-06 10:04:04 INFO  ro.mpp2026.repository.db.ChildDbRepository - Entering findById with id=1
2026-05-06 10:04:04 INFO  ro.mpp2026.repository.db.JdbcUtils - Getting database connection
2026-05-06 10:04:04 INFO  ro.mpp2026.repository.db.JdbcUtils - Database connection established successfully
2026-05-06 10:04:04 INFO  ro.mpp2026.repository.db.ChildDbRepository - Child found with id=1: Child{id=1, name='Ana Pop', cnp='1234567890123', age=7}
2026-05-06 10:04:04 INFO  ro.mpp2026.repository.db.RegistrationDbRepository - Entering findByChildId with childId=1
2026-05-06 10:04:04 INFO  ro.mpp2026.repository.db.JdbcUtils - Getting database connection
2026-05-06 10:04:04 INFO  ro.mpp2026.repository.db.JdbcUtils - Database connection established successfully
2026-05-06 10:04:04 INFO  ro.mpp2026.repository.db.RegistrationDbRepository - findByChildId completed, 2 registrations found
2026-05-06 10:04:04 INFO  ro.mpp2026.repository.db.EventDbRepository - Entering findById with id=1
2026-05-06 10:04:04 INFO  ro.mpp2026.repository.db.JdbcUtils - Getting database connection
2026-05-06 10:04:04 INFO  ro.mpp2026.repository.db.JdbcUtils - Database connection established successfully
2026-05-06 10:04:04 INFO  ro.mpp2026.repository.db.EventDbRepository - Event found with id=1: Event{id=1, name='50m', distance=50, minAge=6, maxAge=8}
2026-05-06 10:04:04 INFO  ro.mpp2026.repository.db.EventDbRepository - Entering findById with id=2
2026-05-06 10:04:04 INFO  ro.mpp2026.repository.db.JdbcUtils - Getting database connection
2026-05-06 10:04:04 INFO  ro.mpp2026.repository.db.JdbcUtils - Database connection established successfully
2026-05-06 10:04:04 INFO  ro.mpp2026.repository.db.EventDbRepository - Event found with id=2: Event{id=2, name='100m', distance=100, minAge=6, maxAge=8}
2026-05-06 10:04:06 INFO  ro.mpp2026.repository.db.RegistrationDbRepository - Entering findByEventId with eventId=2
2026-05-06 10:04:06 INFO  ro.mpp2026.repository.db.JdbcUtils - Getting database connection
2026-05-06 10:04:06 INFO  ro.mpp2026.repository.db.JdbcUtils - Database connection established successfully
2026-05-06 10:04:06 INFO  ro.mpp2026.repository.db.RegistrationDbRepository - findByEventId completed, 1 registrations found
2026-05-06 10:04:06 INFO  ro.mpp2026.repository.db.ChildDbRepository - Entering findById with id=1
2026-05-06 10:04:06 INFO  ro.mpp2026.repository.db.JdbcUtils - Getting database connection
2026-05-06 10:04:06 INFO  ro.mpp2026.repository.db.JdbcUtils - Database connection established successfully
2026-05-06 10:04:06 INFO  ro.mpp2026.repository.db.ChildDbRepository - Child found with id=1: Child{id=1, name='Ana Pop', cnp='1234567890123', age=7}
2026-05-06 10:04:06 INFO  ro.mpp2026.repository.db.RegistrationDbRepository - Entering findByChildId with childId=1
2026-05-06 10:04:06 INFO  ro.mpp2026.repository.db.JdbcUtils - Getting database connection
2026-05-06 10:04:06 INFO  ro.mpp2026.repository.db.JdbcUtils - Database connection established successfully
2026-05-06 10:04:06 INFO  ro.mpp2026.repository.db.RegistrationDbRepository - findByChildId completed, 2 registrations found
2026-05-06 10:04:06 INFO  ro.mpp2026.repository.db.EventDbRepository - Entering findById with id=1
2026-05-06 10:04:06 INFO  ro.mpp2026.repository.db.JdbcUtils - Getting database connection
2026-05-06 10:04:06 INFO  ro.mpp2026.repository.db.JdbcUtils - Database connection established successfully
2026-05-06 10:04:06 INFO  ro.mpp2026.repository.db.EventDbRepository - Event found with id=1: Event{id=1, name='50m', distance=50, minAge=6, maxAge=8}
2026-05-06 10:04:06 INFO  ro.mpp2026.repository.db.EventDbRepository - Entering findById with id=2
2026-05-06 10:04:06 INFO  ro.mpp2026.repository.db.JdbcUtils - Getting database connection
2026-05-06 10:04:06 INFO  ro.mpp2026.repository.db.JdbcUtils - Database connection established successfully
2026-05-06 10:04:06 INFO  ro.mpp2026.repository.db.EventDbRepository - Event found with id=2: Event{id=2, name='100m', distance=100, minAge=6, maxAge=8}
2026-05-06 10:04:37 INFO  ro.mpp2026.repository.db.ChildDbRepository - Entering findByCnp with cnp=1050730170024
2026-05-06 10:04:37 INFO  ro.mpp2026.repository.db.JdbcUtils - Getting database connection
2026-05-06 10:04:37 INFO  ro.mpp2026.repository.db.JdbcUtils - Database connection established successfully
2026-05-06 10:04:37 INFO  ro.mpp2026.repository.db.ChildDbRepository - No child found with cnp=1050730170024
2026-05-06 10:04:37 INFO  ro.mpp2026.repository.db.ChildDbRepository - Entering save with child=Child{id=0, name='Raluca Lovin', cnp='1050730170024', age=12}
2026-05-06 10:04:37 INFO  ro.mpp2026.repository.db.JdbcUtils - Getting database connection
2026-05-06 10:04:37 INFO  ro.mpp2026.repository.db.JdbcUtils - Database connection established successfully
2026-05-06 10:04:37 INFO  ro.mpp2026.repository.db.ChildDbRepository - Child saved successfully, affected rows=1
2026-05-06 10:04:37 INFO  ro.mpp2026.repository.db.ChildDbRepository - Entering findByCnp with cnp=1050730170024
2026-05-06 10:04:37 INFO  ro.mpp2026.repository.db.JdbcUtils - Getting database connection
2026-05-06 10:04:37 INFO  ro.mpp2026.repository.db.JdbcUtils - Database connection established successfully
2026-05-06 10:04:37 INFO  ro.mpp2026.repository.db.ChildDbRepository - Child found with cnp=1050730170024: Child{id=12, name='Raluca Lovin', cnp='1050730170024', age=12}
2026-05-06 10:04:37 INFO  ro.mpp2026.repository.db.RegistrationDbRepository - Entering findByChildId with childId=12
2026-05-06 10:04:37 INFO  ro.mpp2026.repository.db.JdbcUtils - Getting database connection
2026-05-06 10:04:37 INFO  ro.mpp2026.repository.db.JdbcUtils - Database connection established successfully
2026-05-06 10:04:37 INFO  ro.mpp2026.repository.db.RegistrationDbRepository - findByChildId completed, 0 registrations found
2026-05-06 10:04:37 INFO  ro.mpp2026.repository.db.EventDbRepository - Entering findById with id=6
2026-05-06 10:04:37 INFO  ro.mpp2026.repository.db.JdbcUtils - Getting database connection
2026-05-06 10:04:37 INFO  ro.mpp2026.repository.db.JdbcUtils - Database connection established successfully
2026-05-06 10:04:37 INFO  ro.mpp2026.repository.db.EventDbRepository - Event found with id=6: Event{id=6, name='100m', distance=100, minAge=12, maxAge=15}
2026-05-06 10:04:37 INFO  ro.mpp2026.repository.db.EventDbRepository - Entering findById with id=7
2026-05-06 10:04:37 INFO  ro.mpp2026.repository.db.JdbcUtils - Getting database connection
2026-05-06 10:04:37 INFO  ro.mpp2026.repository.db.JdbcUtils - Database connection established successfully
2026-05-06 10:04:37 INFO  ro.mpp2026.repository.db.EventDbRepository - Event found with id=7: Event{id=7, name='1000m', distance=1000, minAge=12, maxAge=15}
2026-05-06 10:04:37 INFO  ro.mpp2026.repository.db.RegistrationDbRepository - Entering save with registration=Registration{id=0, childId=12, eventId=6}
2026-05-06 10:04:37 INFO  ro.mpp2026.repository.db.JdbcUtils - Getting database connection
2026-05-06 10:04:37 INFO  ro.mpp2026.repository.db.JdbcUtils - Database connection established successfully
2026-05-06 10:04:37 INFO  ro.mpp2026.repository.db.RegistrationDbRepository - Registration saved successfully, affected rows=1
2026-05-06 10:04:37 INFO  ro.mpp2026.repository.db.RegistrationDbRepository - Entering save with registration=Registration{id=0, childId=12, eventId=7}
2026-05-06 10:04:37 INFO  ro.mpp2026.repository.db.JdbcUtils - Getting database connection
2026-05-06 10:04:37 INFO  ro.mpp2026.repository.db.JdbcUtils - Database connection established successfully
2026-05-06 10:04:37 INFO  ro.mpp2026.repository.db.RegistrationDbRepository - Registration saved successfully, affected rows=1
2026-05-06 10:04:37 INFO  ro.mpp2026.repository.db.EventDbRepository - Entering findAll
2026-05-06 10:04:37 INFO  ro.mpp2026.repository.db.JdbcUtils - Getting database connection
2026-05-06 10:04:37 INFO  ro.mpp2026.repository.db.JdbcUtils - Database connection established successfully
2026-05-06 10:04:37 INFO  ro.mpp2026.repository.db.EventDbRepository - findAll completed, 8 events loaded
2026-05-06 10:04:37 INFO  ro.mpp2026.repository.db.RegistrationDbRepository - Entering findByEventId with eventId=1
2026-05-06 10:04:37 INFO  ro.mpp2026.repository.db.JdbcUtils - Getting database connection
2026-05-06 10:04:37 INFO  ro.mpp2026.repository.db.JdbcUtils - Database connection established successfully
2026-05-06 10:04:37 INFO  ro.mpp2026.repository.db.RegistrationDbRepository - findByEventId completed, 2 registrations found
2026-05-06 10:04:37 INFO  ro.mpp2026.repository.db.RegistrationDbRepository - Entering findByEventId with eventId=2
2026-05-06 10:04:37 INFO  ro.mpp2026.repository.db.JdbcUtils - Getting database connection
2026-05-06 10:04:37 INFO  ro.mpp2026.repository.db.JdbcUtils - Database connection established successfully
2026-05-06 10:04:37 INFO  ro.mpp2026.repository.db.RegistrationDbRepository - findByEventId completed, 1 registrations found
2026-05-06 10:04:37 INFO  ro.mpp2026.repository.db.RegistrationDbRepository - Entering findByEventId with eventId=3
2026-05-06 10:04:37 INFO  ro.mpp2026.repository.db.JdbcUtils - Getting database connection
2026-05-06 10:04:37 INFO  ro.mpp2026.repository.db.JdbcUtils - Database connection established successfully
2026-05-06 10:04:37 INFO  ro.mpp2026.repository.db.RegistrationDbRepository - findByEventId completed, 1 registrations found
2026-05-06 10:04:37 INFO  ro.mpp2026.repository.db.RegistrationDbRepository - Entering findByEventId with eventId=4
2026-05-06 10:04:37 INFO  ro.mpp2026.repository.db.JdbcUtils - Getting database connection
2026-05-06 10:04:37 INFO  ro.mpp2026.repository.db.JdbcUtils - Database connection established successfully
2026-05-06 10:04:37 INFO  ro.mpp2026.repository.db.RegistrationDbRepository - findByEventId completed, 3 registrations found
2026-05-06 10:04:37 INFO  ro.mpp2026.repository.db.RegistrationDbRepository - Entering findByEventId with eventId=5
2026-05-06 10:04:37 INFO  ro.mpp2026.repository.db.JdbcUtils - Getting database connection
2026-05-06 10:04:37 INFO  ro.mpp2026.repository.db.JdbcUtils - Database connection established successfully
2026-05-06 10:04:37 INFO  ro.mpp2026.repository.db.RegistrationDbRepository - findByEventId completed, 1 registrations found
2026-05-06 10:04:37 INFO  ro.mpp2026.repository.db.RegistrationDbRepository - Entering findByEventId with eventId=6
2026-05-06 10:04:37 INFO  ro.mpp2026.repository.db.JdbcUtils - Getting database connection
2026-05-06 10:04:37 INFO  ro.mpp2026.repository.db.JdbcUtils - Database connection established successfully
2026-05-06 10:04:37 INFO  ro.mpp2026.repository.db.RegistrationDbRepository - findByEventId completed, 4 registrations found
2026-05-06 10:04:37 INFO  ro.mpp2026.repository.db.RegistrationDbRepository - Entering findByEventId with eventId=7
2026-05-06 10:04:37 INFO  ro.mpp2026.repository.db.JdbcUtils - Getting database connection
2026-05-06 10:04:37 INFO  ro.mpp2026.repository.db.JdbcUtils - Database connection established successfully
2026-05-06 10:04:37 INFO  ro.mpp2026.repository.db.RegistrationDbRepository - findByEventId completed, 5 registrations found
2026-05-06 10:04:37 INFO  ro.mpp2026.repository.db.RegistrationDbRepository - Entering findByEventId with eventId=8
2026-05-06 10:04:37 INFO  ro.mpp2026.repository.db.JdbcUtils - Getting database connection
2026-05-06 10:04:37 INFO  ro.mpp2026.repository.db.JdbcUtils - Database connection established successfully
2026-05-06 10:04:37 INFO  ro.mpp2026.repository.db.RegistrationDbRepository - findByEventId completed, 1 registrations found
2026-05-06 10:04:37 INFO  ro.mpp2026.repository.db.EventDbRepository - Entering findAll
2026-05-06 10:04:37 INFO  ro.mpp2026.repository.db.JdbcUtils - Getting database connection
2026-05-06 10:04:37 INFO  ro.mpp2026.repository.db.JdbcUtils - Database connection established successfully
2026-05-06 10:04:37 INFO  ro.mpp2026.repository.db.EventDbRepository - findAll completed, 8 events loaded
2026-05-06 10:04:37 INFO  ro.mpp2026.repository.db.RegistrationDbRepository - Entering findByEventId with eventId=1
2026-05-06 10:04:37 INFO  ro.mpp2026.repository.db.JdbcUtils - Getting database connection
2026-05-06 10:04:37 INFO  ro.mpp2026.repository.db.JdbcUtils - Database connection established successfully
2026-05-06 10:04:37 INFO  ro.mpp2026.repository.db.RegistrationDbRepository - findByEventId completed, 2 registrations found
2026-05-06 10:04:37 INFO  ro.mpp2026.repository.db.RegistrationDbRepository - Entering findByEventId with eventId=2
2026-05-06 10:04:37 INFO  ro.mpp2026.repository.db.JdbcUtils - Getting database connection
2026-05-06 10:04:37 INFO  ro.mpp2026.repository.db.JdbcUtils - Database connection established successfully
2026-05-06 10:04:37 INFO  ro.mpp2026.repository.db.RegistrationDbRepository - findByEventId completed, 1 registrations found
2026-05-06 10:04:37 INFO  ro.mpp2026.repository.db.RegistrationDbRepository - Entering findByEventId with eventId=3
2026-05-06 10:04:37 INFO  ro.mpp2026.repository.db.JdbcUtils - Getting database connection
2026-05-06 10:04:37 INFO  ro.mpp2026.repository.db.JdbcUtils - Database connection established successfully
2026-05-06 10:04:37 INFO  ro.mpp2026.repository.db.RegistrationDbRepository - findByEventId completed, 1 registrations found
2026-05-06 10:04:37 INFO  ro.mpp2026.repository.db.RegistrationDbRepository - Entering findByEventId with eventId=4
2026-05-06 10:04:37 INFO  ro.mpp2026.repository.db.JdbcUtils - Getting database connection
2026-05-06 10:04:37 INFO  ro.mpp2026.repository.db.JdbcUtils - Database connection established successfully
2026-05-06 10:04:37 INFO  ro.mpp2026.repository.db.RegistrationDbRepository - findByEventId completed, 3 registrations found
2026-05-06 10:04:37 INFO  ro.mpp2026.repository.db.RegistrationDbRepository - Entering findByEventId with eventId=5
2026-05-06 10:04:37 INFO  ro.mpp2026.repository.db.JdbcUtils - Getting database connection
2026-05-06 10:04:37 INFO  ro.mpp2026.repository.db.JdbcUtils - Database connection established successfully
2026-05-06 10:04:37 INFO  ro.mpp2026.repository.db.RegistrationDbRepository - findByEventId completed, 1 registrations found
2026-05-06 10:04:37 INFO  ro.mpp2026.repository.db.RegistrationDbRepository - Entering findByEventId with eventId=6
2026-05-06 10:04:37 INFO  ro.mpp2026.repository.db.JdbcUtils - Getting database connection
2026-05-06 10:04:37 INFO  ro.mpp2026.repository.db.JdbcUtils - Database connection established successfully
2026-05-06 10:04:37 INFO  ro.mpp2026.repository.db.RegistrationDbRepository - findByEventId completed, 4 registrations found
2026-05-06 10:04:37 INFO  ro.mpp2026.repository.db.RegistrationDbRepository - Entering findByEventId with eventId=7
2026-05-06 10:04:37 INFO  ro.mpp2026.repository.db.JdbcUtils - Getting database connection
2026-05-06 10:04:37 INFO  ro.mpp2026.repository.db.JdbcUtils - Database connection established successfully
2026-05-06 10:04:37 INFO  ro.mpp2026.repository.db.RegistrationDbRepository - findByEventId completed, 5 registrations found
2026-05-06 10:04:37 INFO  ro.mpp2026.repository.db.RegistrationDbRepository - Entering findByEventId with eventId=8
2026-05-06 10:04:37 INFO  ro.mpp2026.repository.db.JdbcUtils - Getting database connection
2026-05-06 10:04:37 INFO  ro.mpp2026.repository.db.JdbcUtils - Database connection established successfully
2026-05-06 10:04:37 INFO  ro.mpp2026.repository.db.RegistrationDbRepository - findByEventId completed, 1 registrations found
2026-05-06 10:04:37 INFO  ro.mpp2026.repository.db.RegistrationDbRepository - Entering findByEventId with eventId=2
2026-05-06 10:04:37 INFO  ro.mpp2026.repository.db.JdbcUtils - Getting database connection
2026-05-06 10:04:37 INFO  ro.mpp2026.repository.db.JdbcUtils - Database connection established successfully
2026-05-06 10:04:37 INFO  ro.mpp2026.repository.db.RegistrationDbRepository - findByEventId completed, 1 registrations found
2026-05-06 10:04:37 INFO  ro.mpp2026.repository.db.ChildDbRepository - Entering findById with id=1
2026-05-06 10:04:37 INFO  ro.mpp2026.repository.db.JdbcUtils - Getting database connection
2026-05-06 10:04:37 INFO  ro.mpp2026.repository.db.JdbcUtils - Database connection established successfully
2026-05-06 10:04:37 INFO  ro.mpp2026.repository.db.ChildDbRepository - Child found with id=1: Child{id=1, name='Ana Pop', cnp='1234567890123', age=7}
2026-05-06 10:04:37 INFO  ro.mpp2026.repository.db.RegistrationDbRepository - Entering findByChildId with childId=1
2026-05-06 10:04:37 INFO  ro.mpp2026.repository.db.JdbcUtils - Getting database connection
2026-05-06 10:04:37 INFO  ro.mpp2026.repository.db.JdbcUtils - Database connection established successfully
2026-05-06 10:04:37 INFO  ro.mpp2026.repository.db.RegistrationDbRepository - findByChildId completed, 2 registrations found
2026-05-06 10:04:37 INFO  ro.mpp2026.repository.db.EventDbRepository - Entering findById with id=1
2026-05-06 10:04:37 INFO  ro.mpp2026.repository.db.JdbcUtils - Getting database connection
2026-05-06 10:04:37 INFO  ro.mpp2026.repository.db.JdbcUtils - Database connection established successfully
2026-05-06 10:04:37 INFO  ro.mpp2026.repository.db.EventDbRepository - Event found with id=1: Event{id=1, name='50m', distance=50, minAge=6, maxAge=8}
2026-05-06 10:04:37 INFO  ro.mpp2026.repository.db.EventDbRepository - Entering findById with id=2
2026-05-06 10:04:37 INFO  ro.mpp2026.repository.db.JdbcUtils - Getting database connection
2026-05-06 10:04:37 INFO  ro.mpp2026.repository.db.JdbcUtils - Database connection established successfully
2026-05-06 10:04:37 INFO  ro.mpp2026.repository.db.EventDbRepository - Event found with id=2: Event{id=2, name='100m', distance=100, minAge=6, maxAge=8}
2026-05-06 10:04:37 INFO  ro.mpp2026.repository.db.RegistrationDbRepository - Entering findByEventId with eventId=2
2026-05-06 10:04:37 INFO  ro.mpp2026.repository.db.JdbcUtils - Getting database connection
2026-05-06 10:04:37 INFO  ro.mpp2026.repository.db.JdbcUtils - Database connection established successfully
2026-05-06 10:04:37 INFO  ro.mpp2026.repository.db.RegistrationDbRepository - findByEventId completed, 1 registrations found
2026-05-06 10:04:37 INFO  ro.mpp2026.repository.db.ChildDbRepository - Entering findById with id=1
2026-05-06 10:04:37 INFO  ro.mpp2026.repository.db.JdbcUtils - Getting database connection
2026-05-06 10:04:37 INFO  ro.mpp2026.repository.db.JdbcUtils - Database connection established successfully
2026-05-06 10:04:37 INFO  ro.mpp2026.repository.db.ChildDbRepository - Child found with id=1: Child{id=1, name='Ana Pop', cnp='1234567890123', age=7}
2026-05-06 10:04:37 INFO  ro.mpp2026.repository.db.RegistrationDbRepository - Entering findByChildId with childId=1
2026-05-06 10:04:37 INFO  ro.mpp2026.repository.db.JdbcUtils - Getting database connection
2026-05-06 10:04:37 INFO  ro.mpp2026.repository.db.JdbcUtils - Database connection established successfully
2026-05-06 10:04:37 INFO  ro.mpp2026.repository.db.RegistrationDbRepository - findByChildId completed, 2 registrations found
2026-05-06 10:04:37 INFO  ro.mpp2026.repository.db.EventDbRepository - Entering findById with id=1
2026-05-06 10:04:37 INFO  ro.mpp2026.repository.db.JdbcUtils - Getting database connection
2026-05-06 10:04:37 INFO  ro.mpp2026.repository.db.JdbcUtils - Database connection established successfully
2026-05-06 10:04:37 INFO  ro.mpp2026.repository.db.EventDbRepository - Event found with id=1: Event{id=1, name='50m', distance=50, minAge=6, maxAge=8}
2026-05-06 10:04:37 INFO  ro.mpp2026.repository.db.EventDbRepository - Entering findById with id=2
2026-05-06 10:04:37 INFO  ro.mpp2026.repository.db.JdbcUtils - Getting database connection
2026-05-06 10:04:37 INFO  ro.mpp2026.repository.db.JdbcUtils - Database connection established successfully
2026-05-06 10:04:37 INFO  ro.mpp2026.repository.db.EventDbRepository - Event found with id=2: Event{id=2, name='100m', distance=100, minAge=6, maxAge=8}
2026-05-06 10:04:39 INFO  ro.mpp2026.repository.db.EventDbRepository - Entering findAll
2026-05-06 10:04:39 INFO  ro.mpp2026.repository.db.JdbcUtils - Getting database connection
2026-05-06 10:04:39 INFO  ro.mpp2026.repository.db.JdbcUtils - Database connection established successfully
2026-05-06 10:04:39 INFO  ro.mpp2026.repository.db.EventDbRepository - findAll completed, 8 events loaded
2026-05-06 10:04:39 INFO  ro.mpp2026.repository.db.RegistrationDbRepository - Entering findByEventId with eventId=1
2026-05-06 10:04:39 INFO  ro.mpp2026.repository.db.JdbcUtils - Getting database connection
2026-05-06 10:04:39 INFO  ro.mpp2026.repository.db.JdbcUtils - Database connection established successfully
2026-05-06 10:04:39 INFO  ro.mpp2026.repository.db.RegistrationDbRepository - findByEventId completed, 2 registrations found
2026-05-06 10:04:39 INFO  ro.mpp2026.repository.db.RegistrationDbRepository - Entering findByEventId with eventId=2
2026-05-06 10:04:39 INFO  ro.mpp2026.repository.db.JdbcUtils - Getting database connection
2026-05-06 10:04:39 INFO  ro.mpp2026.repository.db.JdbcUtils - Database connection established successfully
2026-05-06 10:04:39 INFO  ro.mpp2026.repository.db.RegistrationDbRepository - findByEventId completed, 1 registrations found
2026-05-06 10:04:39 INFO  ro.mpp2026.repository.db.RegistrationDbRepository - Entering findByEventId with eventId=3
2026-05-06 10:04:39 INFO  ro.mpp2026.repository.db.JdbcUtils - Getting database connection
2026-05-06 10:04:39 INFO  ro.mpp2026.repository.db.JdbcUtils - Database connection established successfully
2026-05-06 10:04:39 INFO  ro.mpp2026.repository.db.RegistrationDbRepository - findByEventId completed, 1 registrations found
2026-05-06 10:04:39 INFO  ro.mpp2026.repository.db.RegistrationDbRepository - Entering findByEventId with eventId=4
2026-05-06 10:04:39 INFO  ro.mpp2026.repository.db.JdbcUtils - Getting database connection
2026-05-06 10:04:39 INFO  ro.mpp2026.repository.db.JdbcUtils - Database connection established successfully
2026-05-06 10:04:39 INFO  ro.mpp2026.repository.db.RegistrationDbRepository - findByEventId completed, 3 registrations found
2026-05-06 10:04:39 INFO  ro.mpp2026.repository.db.RegistrationDbRepository - Entering findByEventId with eventId=5
2026-05-06 10:04:39 INFO  ro.mpp2026.repository.db.JdbcUtils - Getting database connection
2026-05-06 10:04:39 INFO  ro.mpp2026.repository.db.JdbcUtils - Database connection established successfully
2026-05-06 10:04:39 INFO  ro.mpp2026.repository.db.RegistrationDbRepository - findByEventId completed, 1 registrations found
2026-05-06 10:04:39 INFO  ro.mpp2026.repository.db.RegistrationDbRepository - Entering findByEventId with eventId=6
2026-05-06 10:04:39 INFO  ro.mpp2026.repository.db.JdbcUtils - Getting database connection
2026-05-06 10:04:39 INFO  ro.mpp2026.repository.db.JdbcUtils - Database connection established successfully
2026-05-06 10:04:39 INFO  ro.mpp2026.repository.db.RegistrationDbRepository - findByEventId completed, 4 registrations found
2026-05-06 10:04:39 INFO  ro.mpp2026.repository.db.RegistrationDbRepository - Entering findByEventId with eventId=7
2026-05-06 10:04:39 INFO  ro.mpp2026.repository.db.JdbcUtils - Getting database connection
2026-05-06 10:04:39 INFO  ro.mpp2026.repository.db.JdbcUtils - Database connection established successfully
2026-05-06 10:04:39 INFO  ro.mpp2026.repository.db.RegistrationDbRepository - findByEventId completed, 5 registrations found
2026-05-06 10:04:39 INFO  ro.mpp2026.repository.db.RegistrationDbRepository - Entering findByEventId with eventId=8
2026-05-06 10:04:39 INFO  ro.mpp2026.repository.db.JdbcUtils - Getting database connection
2026-05-06 10:04:39 INFO  ro.mpp2026.repository.db.JdbcUtils - Database connection established successfully
2026-05-06 10:04:39 INFO  ro.mpp2026.repository.db.RegistrationDbRepository - findByEventId completed, 1 registrations found
2026-05-06 10:04:39 INFO  ro.mpp2026.repository.db.EventDbRepository - Entering findAll
2026-05-06 10:04:39 INFO  ro.mpp2026.repository.db.JdbcUtils - Getting database connection
2026-05-06 10:04:39 INFO  ro.mpp2026.repository.db.JdbcUtils - Database connection established successfully
2026-05-06 10:04:39 INFO  ro.mpp2026.repository.db.EventDbRepository - findAll completed, 8 events loaded
2026-05-06 10:04:39 INFO  ro.mpp2026.repository.db.RegistrationDbRepository - Entering findByEventId with eventId=1
2026-05-06 10:04:39 INFO  ro.mpp2026.repository.db.JdbcUtils - Getting database connection
2026-05-06 10:04:39 INFO  ro.mpp2026.repository.db.JdbcUtils - Database connection established successfully
2026-05-06 10:04:39 INFO  ro.mpp2026.repository.db.RegistrationDbRepository - findByEventId completed, 2 registrations found
2026-05-06 10:04:39 INFO  ro.mpp2026.repository.db.RegistrationDbRepository - Entering findByEventId with eventId=2
2026-05-06 10:04:39 INFO  ro.mpp2026.repository.db.JdbcUtils - Getting database connection
2026-05-06 10:04:39 INFO  ro.mpp2026.repository.db.JdbcUtils - Database connection established successfully
2026-05-06 10:04:39 INFO  ro.mpp2026.repository.db.RegistrationDbRepository - findByEventId completed, 1 registrations found
2026-05-06 10:04:39 INFO  ro.mpp2026.repository.db.RegistrationDbRepository - Entering findByEventId with eventId=3
2026-05-06 10:04:39 INFO  ro.mpp2026.repository.db.JdbcUtils - Getting database connection
2026-05-06 10:04:39 INFO  ro.mpp2026.repository.db.JdbcUtils - Database connection established successfully
2026-05-06 10:04:39 INFO  ro.mpp2026.repository.db.RegistrationDbRepository - findByEventId completed, 1 registrations found
2026-05-06 10:04:39 INFO  ro.mpp2026.repository.db.RegistrationDbRepository - Entering findByEventId with eventId=4
2026-05-06 10:04:39 INFO  ro.mpp2026.repository.db.JdbcUtils - Getting database connection
2026-05-06 10:04:39 INFO  ro.mpp2026.repository.db.JdbcUtils - Database connection established successfully
2026-05-06 10:04:39 INFO  ro.mpp2026.repository.db.RegistrationDbRepository - findByEventId completed, 3 registrations found
2026-05-06 10:04:39 INFO  ro.mpp2026.repository.db.RegistrationDbRepository - Entering findByEventId with eventId=5
2026-05-06 10:04:39 INFO  ro.mpp2026.repository.db.JdbcUtils - Getting database connection
2026-05-06 10:04:39 INFO  ro.mpp2026.repository.db.JdbcUtils - Database connection established successfully
2026-05-06 10:04:39 INFO  ro.mpp2026.repository.db.RegistrationDbRepository - findByEventId completed, 1 registrations found
2026-05-06 10:04:39 INFO  ro.mpp2026.repository.db.RegistrationDbRepository - Entering findByEventId with eventId=6
2026-05-06 10:04:39 INFO  ro.mpp2026.repository.db.JdbcUtils - Getting database connection
2026-05-06 10:04:39 INFO  ro.mpp2026.repository.db.JdbcUtils - Database connection established successfully
2026-05-06 10:04:39 INFO  ro.mpp2026.repository.db.RegistrationDbRepository - findByEventId completed, 4 registrations found
2026-05-06 10:04:39 INFO  ro.mpp2026.repository.db.RegistrationDbRepository - Entering findByEventId with eventId=7
2026-05-06 10:04:39 INFO  ro.mpp2026.repository.db.JdbcUtils - Getting database connection
2026-05-06 10:04:39 INFO  ro.mpp2026.repository.db.JdbcUtils - Database connection established successfully
2026-05-06 10:04:39 INFO  ro.mpp2026.repository.db.RegistrationDbRepository - findByEventId completed, 5 registrations found
2026-05-06 10:04:39 INFO  ro.mpp2026.repository.db.RegistrationDbRepository - Entering findByEventId with eventId=8
2026-05-06 10:04:39 INFO  ro.mpp2026.repository.db.JdbcUtils - Getting database connection
2026-05-06 10:04:39 INFO  ro.mpp2026.repository.db.JdbcUtils - Database connection established successfully
2026-05-06 10:04:39 INFO  ro.mpp2026.repository.db.RegistrationDbRepository - findByEventId completed, 1 registrations found
2026-05-06 10:04:39 INFO  ro.mpp2026.repository.db.RegistrationDbRepository - Entering findByEventId with eventId=2
2026-05-06 10:04:39 INFO  ro.mpp2026.repository.db.JdbcUtils - Getting database connection
2026-05-06 10:04:39 INFO  ro.mpp2026.repository.db.JdbcUtils - Database connection established successfully
2026-05-06 10:04:39 INFO  ro.mpp2026.repository.db.RegistrationDbRepository - findByEventId completed, 1 registrations found
2026-05-06 10:04:39 INFO  ro.mpp2026.repository.db.ChildDbRepository - Entering findById with id=1
2026-05-06 10:04:39 INFO  ro.mpp2026.repository.db.JdbcUtils - Getting database connection
2026-05-06 10:04:39 INFO  ro.mpp2026.repository.db.JdbcUtils - Database connection established successfully
2026-05-06 10:04:39 INFO  ro.mpp2026.repository.db.ChildDbRepository - Child found with id=1: Child{id=1, name='Ana Pop', cnp='1234567890123', age=7}
2026-05-06 10:04:39 INFO  ro.mpp2026.repository.db.RegistrationDbRepository - Entering findByChildId with childId=1
2026-05-06 10:04:39 INFO  ro.mpp2026.repository.db.JdbcUtils - Getting database connection
2026-05-06 10:04:39 INFO  ro.mpp2026.repository.db.JdbcUtils - Database connection established successfully
2026-05-06 10:04:39 INFO  ro.mpp2026.repository.db.RegistrationDbRepository - findByChildId completed, 2 registrations found
2026-05-06 10:04:39 INFO  ro.mpp2026.repository.db.EventDbRepository - Entering findById with id=1
2026-05-06 10:04:39 INFO  ro.mpp2026.repository.db.JdbcUtils - Getting database connection
2026-05-06 10:04:39 INFO  ro.mpp2026.repository.db.JdbcUtils - Database connection established successfully
2026-05-06 10:04:39 INFO  ro.mpp2026.repository.db.EventDbRepository - Event found with id=1: Event{id=1, name='50m', distance=50, minAge=6, maxAge=8}
2026-05-06 10:04:39 INFO  ro.mpp2026.repository.db.EventDbRepository - Entering findById with id=2
2026-05-06 10:04:39 INFO  ro.mpp2026.repository.db.JdbcUtils - Getting database connection
2026-05-06 10:04:39 INFO  ro.mpp2026.repository.db.JdbcUtils - Database connection established successfully
2026-05-06 10:04:39 INFO  ro.mpp2026.repository.db.EventDbRepository - Event found with id=2: Event{id=2, name='100m', distance=100, minAge=6, maxAge=8}
2026-05-06 10:04:39 INFO  ro.mpp2026.repository.db.RegistrationDbRepository - Entering findByEventId with eventId=2
2026-05-06 10:04:39 INFO  ro.mpp2026.repository.db.JdbcUtils - Getting database connection
2026-05-06 10:04:39 INFO  ro.mpp2026.repository.db.JdbcUtils - Database connection established successfully
2026-05-06 10:04:39 INFO  ro.mpp2026.repository.db.RegistrationDbRepository - findByEventId completed, 1 registrations found
2026-05-06 10:04:39 INFO  ro.mpp2026.repository.db.ChildDbRepository - Entering findById with id=1
2026-05-06 10:04:39 INFO  ro.mpp2026.repository.db.JdbcUtils - Getting database connection
2026-05-06 10:04:39 INFO  ro.mpp2026.repository.db.JdbcUtils - Database connection established successfully
2026-05-06 10:04:39 INFO  ro.mpp2026.repository.db.ChildDbRepository - Child found with id=1: Child{id=1, name='Ana Pop', cnp='1234567890123', age=7}
2026-05-06 10:04:39 INFO  ro.mpp2026.repository.db.RegistrationDbRepository - Entering findByChildId with childId=1
2026-05-06 10:04:39 INFO  ro.mpp2026.repository.db.JdbcUtils - Getting database connection
2026-05-06 10:04:39 INFO  ro.mpp2026.repository.db.JdbcUtils - Database connection established successfully
2026-05-06 10:04:39 INFO  ro.mpp2026.repository.db.RegistrationDbRepository - findByChildId completed, 2 registrations found
2026-05-06 10:04:39 INFO  ro.mpp2026.repository.db.EventDbRepository - Entering findById with id=1
2026-05-06 10:04:39 INFO  ro.mpp2026.repository.db.JdbcUtils - Getting database connection
2026-05-06 10:04:39 INFO  ro.mpp2026.repository.db.JdbcUtils - Database connection established successfully
2026-05-06 10:04:39 INFO  ro.mpp2026.repository.db.EventDbRepository - Event found with id=1: Event{id=1, name='50m', distance=50, minAge=6, maxAge=8}
2026-05-06 10:04:39 INFO  ro.mpp2026.repository.db.EventDbRepository - Entering findById with id=2
2026-05-06 10:04:39 INFO  ro.mpp2026.repository.db.JdbcUtils - Getting database connection
2026-05-06 10:04:39 INFO  ro.mpp2026.repository.db.JdbcUtils - Database connection established successfully
2026-05-06 10:04:39 INFO  ro.mpp2026.repository.db.EventDbRepository - Event found with id=2: Event{id=2, name='100m', distance=100, minAge=6, maxAge=8}
2026-05-06 10:04:39 INFO  ro.mpp2026.repository.db.RegistrationDbRepository - Entering findByEventId with eventId=7
2026-05-06 10:04:39 INFO  ro.mpp2026.repository.db.JdbcUtils - Getting database connection
2026-05-06 10:04:39 INFO  ro.mpp2026.repository.db.JdbcUtils - Database connection established successfully
2026-05-06 10:04:39 INFO  ro.mpp2026.repository.db.RegistrationDbRepository - findByEventId completed, 5 registrations found
2026-05-06 10:04:39 INFO  ro.mpp2026.repository.db.ChildDbRepository - Entering findById with id=5
2026-05-06 10:04:39 INFO  ro.mpp2026.repository.db.JdbcUtils - Getting database connection
2026-05-06 10:04:39 INFO  ro.mpp2026.repository.db.JdbcUtils - Database connection established successfully
2026-05-06 10:04:39 INFO  ro.mpp2026.repository.db.ChildDbRepository - Child found with id=5: Child{id=5, name='Maria Stoica', cnp='1234567890127', age=13}
2026-05-06 10:04:39 INFO  ro.mpp2026.repository.db.RegistrationDbRepository - Entering findByChildId with childId=5
2026-05-06 10:04:39 INFO  ro.mpp2026.repository.db.JdbcUtils - Getting database connection
2026-05-06 10:04:40 INFO  ro.mpp2026.repository.db.JdbcUtils - Database connection established successfully
2026-05-06 10:04:40 INFO  ro.mpp2026.repository.db.RegistrationDbRepository - findByChildId completed, 2 registrations found
2026-05-06 10:04:40 INFO  ro.mpp2026.repository.db.EventDbRepository - Entering findById with id=7
2026-05-06 10:04:40 INFO  ro.mpp2026.repository.db.JdbcUtils - Getting database connection
2026-05-06 10:04:40 INFO  ro.mpp2026.repository.db.JdbcUtils - Database connection established successfully
2026-05-06 10:04:40 INFO  ro.mpp2026.repository.db.EventDbRepository - Event found with id=7: Event{id=7, name='1000m', distance=1000, minAge=12, maxAge=15}
2026-05-06 10:04:40 INFO  ro.mpp2026.repository.db.EventDbRepository - Entering findById with id=8
2026-05-06 10:04:40 INFO  ro.mpp2026.repository.db.JdbcUtils - Getting database connection
2026-05-06 10:04:40 INFO  ro.mpp2026.repository.db.JdbcUtils - Database connection established successfully
2026-05-06 10:04:40 INFO  ro.mpp2026.repository.db.EventDbRepository - Event found with id=8: Event{id=8, name='1500m', distance=1500, minAge=12, maxAge=15}
2026-05-06 10:04:40 INFO  ro.mpp2026.repository.db.ChildDbRepository - Entering findById with id=7
2026-05-06 10:04:40 INFO  ro.mpp2026.repository.db.JdbcUtils - Getting database connection
2026-05-06 10:04:40 INFO  ro.mpp2026.repository.db.JdbcUtils - Database connection established successfully
2026-05-06 10:04:40 INFO  ro.mpp2026.repository.db.ChildDbRepository - Child found with id=7: Child{id=7, name='Victor', cnp='5050730170024', age=14}
2026-05-06 10:04:40 INFO  ro.mpp2026.repository.db.RegistrationDbRepository - Entering findByChildId with childId=7
2026-05-06 10:04:40 INFO  ro.mpp2026.repository.db.JdbcUtils - Getting database connection
2026-05-06 10:04:40 INFO  ro.mpp2026.repository.db.JdbcUtils - Database connection established successfully
2026-05-06 10:04:40 INFO  ro.mpp2026.repository.db.RegistrationDbRepository - findByChildId completed, 2 registrations found
2026-05-06 10:04:40 INFO  ro.mpp2026.repository.db.EventDbRepository - Entering findById with id=6
2026-05-06 10:04:40 INFO  ro.mpp2026.repository.db.JdbcUtils - Getting database connection
2026-05-06 10:04:40 INFO  ro.mpp2026.repository.db.JdbcUtils - Database connection established successfully
2026-05-06 10:04:40 INFO  ro.mpp2026.repository.db.EventDbRepository - Event found with id=6: Event{id=6, name='100m', distance=100, minAge=12, maxAge=15}
2026-05-06 10:04:40 INFO  ro.mpp2026.repository.db.EventDbRepository - Entering findById with id=7
2026-05-06 10:04:40 INFO  ro.mpp2026.repository.db.JdbcUtils - Getting database connection
2026-05-06 10:04:40 INFO  ro.mpp2026.repository.db.JdbcUtils - Database connection established successfully
2026-05-06 10:04:40 INFO  ro.mpp2026.repository.db.EventDbRepository - Event found with id=7: Event{id=7, name='1000m', distance=1000, minAge=12, maxAge=15}
2026-05-06 10:04:40 INFO  ro.mpp2026.repository.db.ChildDbRepository - Entering findById with id=9
2026-05-06 10:04:40 INFO  ro.mpp2026.repository.db.JdbcUtils - Getting database connection
2026-05-06 10:04:40 INFO  ro.mpp2026.repository.db.JdbcUtils - Database connection established successfully
2026-05-06 10:04:40 INFO  ro.mpp2026.repository.db.ChildDbRepository - Child found with id=9: Child{id=9, name='Lorena', cnp='7050730170024', age=14}
2026-05-06 10:04:40 INFO  ro.mpp2026.repository.db.RegistrationDbRepository - Entering findByChildId with childId=9
2026-05-06 10:04:40 INFO  ro.mpp2026.repository.db.JdbcUtils - Getting database connection
2026-05-06 10:04:40 INFO  ro.mpp2026.repository.db.JdbcUtils - Database connection established successfully
2026-05-06 10:04:40 INFO  ro.mpp2026.repository.db.RegistrationDbRepository - findByChildId completed, 1 registrations found
2026-05-06 10:04:40 INFO  ro.mpp2026.repository.db.EventDbRepository - Entering findById with id=7
2026-05-06 10:04:40 INFO  ro.mpp2026.repository.db.JdbcUtils - Getting database connection
2026-05-06 10:04:40 INFO  ro.mpp2026.repository.db.JdbcUtils - Database connection established successfully
2026-05-06 10:04:40 INFO  ro.mpp2026.repository.db.EventDbRepository - Event found with id=7: Event{id=7, name='1000m', distance=1000, minAge=12, maxAge=15}
2026-05-06 10:04:40 INFO  ro.mpp2026.repository.db.ChildDbRepository - Entering findById with id=10
2026-05-06 10:04:40 INFO  ro.mpp2026.repository.db.JdbcUtils - Getting database connection
2026-05-06 10:04:40 INFO  ro.mpp2026.repository.db.JdbcUtils - Database connection established successfully
2026-05-06 10:04:40 INFO  ro.mpp2026.repository.db.ChildDbRepository - Child found with id=10: Child{id=10, name='Child', cnp='1234567890789', age=12}
2026-05-06 10:04:40 INFO  ro.mpp2026.repository.db.RegistrationDbRepository - Entering findByChildId with childId=10
2026-05-06 10:04:40 INFO  ro.mpp2026.repository.db.JdbcUtils - Getting database connection
2026-05-06 10:04:40 INFO  ro.mpp2026.repository.db.JdbcUtils - Database connection established successfully
2026-05-06 10:04:40 INFO  ro.mpp2026.repository.db.RegistrationDbRepository - findByChildId completed, 2 registrations found
2026-05-06 10:04:40 INFO  ro.mpp2026.repository.db.EventDbRepository - Entering findById with id=6
2026-05-06 10:04:40 INFO  ro.mpp2026.repository.db.JdbcUtils - Getting database connection
2026-05-06 10:04:40 INFO  ro.mpp2026.repository.db.JdbcUtils - Database connection established successfully
2026-05-06 10:04:40 INFO  ro.mpp2026.repository.db.EventDbRepository - Event found with id=6: Event{id=6, name='100m', distance=100, minAge=12, maxAge=15}
2026-05-06 10:04:40 INFO  ro.mpp2026.repository.db.EventDbRepository - Entering findById with id=7
2026-05-06 10:04:40 INFO  ro.mpp2026.repository.db.JdbcUtils - Getting database connection
2026-05-06 10:04:40 INFO  ro.mpp2026.repository.db.JdbcUtils - Database connection established successfully
2026-05-06 10:04:40 INFO  ro.mpp2026.repository.db.EventDbRepository - Event found with id=7: Event{id=7, name='1000m', distance=1000, minAge=12, maxAge=15}
2026-05-06 10:04:40 INFO  ro.mpp2026.repository.db.ChildDbRepository - Entering findById with id=12
2026-05-06 10:04:40 INFO  ro.mpp2026.repository.db.JdbcUtils - Getting database connection
2026-05-06 10:04:40 INFO  ro.mpp2026.repository.db.JdbcUtils - Database connection established successfully
2026-05-06 10:04:40 INFO  ro.mpp2026.repository.db.ChildDbRepository - Child found with id=12: Child{id=12, name='Raluca Lovin', cnp='1050730170024', age=12}
2026-05-06 10:04:40 INFO  ro.mpp2026.repository.db.RegistrationDbRepository - Entering findByChildId with childId=12
2026-05-06 10:04:40 INFO  ro.mpp2026.repository.db.JdbcUtils - Getting database connection
2026-05-06 10:04:40 INFO  ro.mpp2026.repository.db.JdbcUtils - Database connection established successfully
2026-05-06 10:04:40 INFO  ro.mpp2026.repository.db.RegistrationDbRepository - findByChildId completed, 2 registrations found
2026-05-06 10:04:40 INFO  ro.mpp2026.repository.db.EventDbRepository - Entering findById with id=6
2026-05-06 10:04:40 INFO  ro.mpp2026.repository.db.JdbcUtils - Getting database connection
2026-05-06 10:04:40 INFO  ro.mpp2026.repository.db.JdbcUtils - Database connection established successfully
2026-05-06 10:04:40 INFO  ro.mpp2026.repository.db.EventDbRepository - Event found with id=6: Event{id=6, name='100m', distance=100, minAge=12, maxAge=15}
2026-05-06 10:04:40 INFO  ro.mpp2026.repository.db.EventDbRepository - Entering findById with id=7
2026-05-06 10:04:40 INFO  ro.mpp2026.repository.db.JdbcUtils - Getting database connection
2026-05-06 10:04:40 INFO  ro.mpp2026.repository.db.JdbcUtils - Database connection established successfully
2026-05-06 10:04:40 INFO  ro.mpp2026.repository.db.EventDbRepository - Event found with id=7: Event{id=7, name='1000m', distance=1000, minAge=12, maxAge=15}
2026-05-06 10:04:53 INFO  ro.mpp2026.repository.db.ChildDbRepository - Entering findByCnp with cnp=1050730170024
2026-05-06 10:04:53 INFO  ro.mpp2026.repository.db.JdbcUtils - Getting database connection
2026-05-06 10:04:53 INFO  ro.mpp2026.repository.db.JdbcUtils - Database connection established successfully
2026-05-06 10:04:53 INFO  ro.mpp2026.repository.db.ChildDbRepository - Child found with cnp=1050730170024: Child{id=12, name='Raluca Lovin', cnp='1050730170024', age=12}
2026-05-06 10:04:53 INFO  ro.mpp2026.repository.db.ChildDbRepository - Entering findByCnp with cnp=1050730170024
2026-05-06 10:04:53 INFO  ro.mpp2026.repository.db.JdbcUtils - Getting database connection
2026-05-06 10:04:53 INFO  ro.mpp2026.repository.db.JdbcUtils - Database connection established successfully
2026-05-06 10:04:53 INFO  ro.mpp2026.repository.db.ChildDbRepository - Child found with cnp=1050730170024: Child{id=12, name='Raluca Lovin', cnp='1050730170024', age=12}
2026-05-06 10:04:53 INFO  ro.mpp2026.repository.db.RegistrationDbRepository - Entering findByChildId with childId=12
2026-05-06 10:04:53 INFO  ro.mpp2026.repository.db.JdbcUtils - Getting database connection
2026-05-06 10:04:53 INFO  ro.mpp2026.repository.db.JdbcUtils - Database connection established successfully
2026-05-06 10:04:53 INFO  ro.mpp2026.repository.db.RegistrationDbRepository - findByChildId completed, 2 registrations found
2026-05-06 10:04:53 INFO  ro.mpp2026.repository.db.EventDbRepository - Entering findAll
2026-05-06 10:04:53 INFO  ro.mpp2026.repository.db.JdbcUtils - Getting database connection
2026-05-06 10:04:53 INFO  ro.mpp2026.repository.db.JdbcUtils - Database connection established successfully
2026-05-06 10:04:53 INFO  ro.mpp2026.repository.db.EventDbRepository - findAll completed, 8 events loaded
2026-05-06 10:04:53 INFO  ro.mpp2026.repository.db.RegistrationDbRepository - Entering findByEventId with eventId=1
2026-05-06 10:04:53 INFO  ro.mpp2026.repository.db.JdbcUtils - Getting database connection
2026-05-06 10:04:53 INFO  ro.mpp2026.repository.db.JdbcUtils - Database connection established successfully
2026-05-06 10:04:53 INFO  ro.mpp2026.repository.db.RegistrationDbRepository - findByEventId completed, 2 registrations found
2026-05-06 10:04:53 INFO  ro.mpp2026.repository.db.RegistrationDbRepository - Entering findByEventId with eventId=2
2026-05-06 10:04:53 INFO  ro.mpp2026.repository.db.JdbcUtils - Getting database connection
2026-05-06 10:04:53 INFO  ro.mpp2026.repository.db.JdbcUtils - Database connection established successfully
2026-05-06 10:04:53 INFO  ro.mpp2026.repository.db.RegistrationDbRepository - findByEventId completed, 1 registrations found
2026-05-06 10:04:53 INFO  ro.mpp2026.repository.db.RegistrationDbRepository - Entering findByEventId with eventId=3
2026-05-06 10:04:53 INFO  ro.mpp2026.repository.db.JdbcUtils - Getting database connection
2026-05-06 10:04:53 INFO  ro.mpp2026.repository.db.JdbcUtils - Database connection established successfully
2026-05-06 10:04:53 INFO  ro.mpp2026.repository.db.RegistrationDbRepository - findByEventId completed, 1 registrations found
2026-05-06 10:04:53 INFO  ro.mpp2026.repository.db.RegistrationDbRepository - Entering findByEventId with eventId=4
2026-05-06 10:04:53 INFO  ro.mpp2026.repository.db.JdbcUtils - Getting database connection
2026-05-06 10:04:53 INFO  ro.mpp2026.repository.db.JdbcUtils - Database connection established successfully
2026-05-06 10:04:53 INFO  ro.mpp2026.repository.db.RegistrationDbRepository - findByEventId completed, 3 registrations found
2026-05-06 10:04:53 INFO  ro.mpp2026.repository.db.RegistrationDbRepository - Entering findByEventId with eventId=5
2026-05-06 10:04:53 INFO  ro.mpp2026.repository.db.JdbcUtils - Getting database connection
2026-05-06 10:04:53 INFO  ro.mpp2026.repository.db.JdbcUtils - Database connection established successfully
2026-05-06 10:04:53 INFO  ro.mpp2026.repository.db.RegistrationDbRepository - findByEventId completed, 1 registrations found
2026-05-06 10:04:53 INFO  ro.mpp2026.repository.db.RegistrationDbRepository - Entering findByEventId with eventId=6
2026-05-06 10:04:53 INFO  ro.mpp2026.repository.db.JdbcUtils - Getting database connection
2026-05-06 10:04:53 INFO  ro.mpp2026.repository.db.JdbcUtils - Database connection established successfully
2026-05-06 10:04:53 INFO  ro.mpp2026.repository.db.RegistrationDbRepository - findByEventId completed, 4 registrations found
2026-05-06 10:04:53 INFO  ro.mpp2026.repository.db.RegistrationDbRepository - Entering findByEventId with eventId=7
2026-05-06 10:04:53 INFO  ro.mpp2026.repository.db.JdbcUtils - Getting database connection
2026-05-06 10:04:53 INFO  ro.mpp2026.repository.db.JdbcUtils - Database connection established successfully
2026-05-06 10:04:53 INFO  ro.mpp2026.repository.db.RegistrationDbRepository - findByEventId completed, 5 registrations found
2026-05-06 10:04:53 INFO  ro.mpp2026.repository.db.RegistrationDbRepository - Entering findByEventId with eventId=8
2026-05-06 10:04:53 INFO  ro.mpp2026.repository.db.JdbcUtils - Getting database connection
2026-05-06 10:04:53 INFO  ro.mpp2026.repository.db.JdbcUtils - Database connection established successfully
2026-05-06 10:04:53 INFO  ro.mpp2026.repository.db.RegistrationDbRepository - findByEventId completed, 1 registrations found
2026-05-06 10:05:04 INFO  ro.mpp2026.repository.db.ChildDbRepository - Entering findByCnp with cnp=1050730170024
2026-05-06 10:05:04 INFO  ro.mpp2026.repository.db.JdbcUtils - Getting database connection
2026-05-06 10:05:04 INFO  ro.mpp2026.repository.db.JdbcUtils - Database connection established successfully
2026-05-06 10:05:04 INFO  ro.mpp2026.repository.db.ChildDbRepository - Child found with cnp=1050730170024: Child{id=12, name='Raluca Lovin', cnp='1050730170024', age=12}
2026-05-06 10:05:04 INFO  ro.mpp2026.repository.db.EventDbRepository - Entering findById with id=6
2026-05-06 10:05:04 INFO  ro.mpp2026.repository.db.JdbcUtils - Getting database connection
2026-05-06 10:05:04 INFO  ro.mpp2026.repository.db.JdbcUtils - Database connection established successfully
2026-05-06 10:05:04 INFO  ro.mpp2026.repository.db.EventDbRepository - Event found with id=6: Event{id=6, name='100m', distance=100, minAge=12, maxAge=15}
2026-05-06 10:05:04 INFO  ro.mpp2026.repository.db.EventDbRepository - Entering findById with id=8
2026-05-06 10:05:04 INFO  ro.mpp2026.repository.db.JdbcUtils - Getting database connection
2026-05-06 10:05:04 INFO  ro.mpp2026.repository.db.JdbcUtils - Database connection established successfully
2026-05-06 10:05:04 INFO  ro.mpp2026.repository.db.EventDbRepository - Event found with id=8: Event{id=8, name='1500m', distance=1500, minAge=12, maxAge=15}
2026-05-06 10:05:04 INFO  ro.mpp2026.repository.db.RegistrationDbRepository - Entering findByChildId with childId=12
2026-05-06 10:05:04 INFO  ro.mpp2026.repository.db.JdbcUtils - Getting database connection
2026-05-06 10:05:04 INFO  ro.mpp2026.repository.db.JdbcUtils - Database connection established successfully
2026-05-06 10:05:04 INFO  ro.mpp2026.repository.db.RegistrationDbRepository - findByChildId completed, 2 registrations found
2026-05-06 10:05:04 INFO  ro.mpp2026.repository.db.RegistrationDbRepository - Entering delete with registration=Registration{id=22, childId=12, eventId=6}
2026-05-06 10:05:04 INFO  ro.mpp2026.repository.db.JdbcUtils - Getting database connection
2026-05-06 10:05:04 INFO  ro.mpp2026.repository.db.JdbcUtils - Database connection established successfully
2026-05-06 10:05:04 INFO  ro.mpp2026.repository.db.RegistrationDbRepository - Registration deleted successfully, affected rows=1
2026-05-06 10:05:04 INFO  ro.mpp2026.repository.db.RegistrationDbRepository - Entering delete with registration=Registration{id=23, childId=12, eventId=7}
2026-05-06 10:05:04 INFO  ro.mpp2026.repository.db.JdbcUtils - Getting database connection
2026-05-06 10:05:04 INFO  ro.mpp2026.repository.db.JdbcUtils - Database connection established successfully
2026-05-06 10:05:04 INFO  ro.mpp2026.repository.db.RegistrationDbRepository - Registration deleted successfully, affected rows=1
2026-05-06 10:05:04 INFO  ro.mpp2026.repository.db.RegistrationDbRepository - Entering save with registration=Registration{id=0, childId=12, eventId=6}
2026-05-06 10:05:04 INFO  ro.mpp2026.repository.db.JdbcUtils - Getting database connection
2026-05-06 10:05:04 INFO  ro.mpp2026.repository.db.JdbcUtils - Database connection established successfully
2026-05-06 10:05:04 INFO  ro.mpp2026.repository.db.RegistrationDbRepository - Registration saved successfully, affected rows=1
2026-05-06 10:05:04 INFO  ro.mpp2026.repository.db.RegistrationDbRepository - Entering save with registration=Registration{id=0, childId=12, eventId=8}
2026-05-06 10:05:04 INFO  ro.mpp2026.repository.db.JdbcUtils - Getting database connection
2026-05-06 10:05:04 INFO  ro.mpp2026.repository.db.JdbcUtils - Database connection established successfully
2026-05-06 10:05:04 INFO  ro.mpp2026.repository.db.RegistrationDbRepository - Registration saved successfully, affected rows=1
2026-05-06 10:05:04 INFO  ro.mpp2026.repository.db.EventDbRepository - Entering findAll
2026-05-06 10:05:04 INFO  ro.mpp2026.repository.db.JdbcUtils - Getting database connection
2026-05-06 10:05:04 INFO  ro.mpp2026.repository.db.JdbcUtils - Database connection established successfully
2026-05-06 10:05:04 INFO  ro.mpp2026.repository.db.EventDbRepository - findAll completed, 8 events loaded
2026-05-06 10:05:04 INFO  ro.mpp2026.repository.db.RegistrationDbRepository - Entering findByEventId with eventId=1
2026-05-06 10:05:04 INFO  ro.mpp2026.repository.db.JdbcUtils - Getting database connection
2026-05-06 10:05:04 INFO  ro.mpp2026.repository.db.JdbcUtils - Database connection established successfully
2026-05-06 10:05:04 INFO  ro.mpp2026.repository.db.RegistrationDbRepository - findByEventId completed, 2 registrations found
2026-05-06 10:05:04 INFO  ro.mpp2026.repository.db.RegistrationDbRepository - Entering findByEventId with eventId=2
2026-05-06 10:05:04 INFO  ro.mpp2026.repository.db.JdbcUtils - Getting database connection
2026-05-06 10:05:04 INFO  ro.mpp2026.repository.db.JdbcUtils - Database connection established successfully
2026-05-06 10:05:04 INFO  ro.mpp2026.repository.db.RegistrationDbRepository - findByEventId completed, 1 registrations found
2026-05-06 10:05:04 INFO  ro.mpp2026.repository.db.RegistrationDbRepository - Entering findByEventId with eventId=3
2026-05-06 10:05:04 INFO  ro.mpp2026.repository.db.JdbcUtils - Getting database connection
2026-05-06 10:05:04 INFO  ro.mpp2026.repository.db.JdbcUtils - Database connection established successfully
2026-05-06 10:05:04 INFO  ro.mpp2026.repository.db.RegistrationDbRepository - findByEventId completed, 1 registrations found
2026-05-06 10:05:04 INFO  ro.mpp2026.repository.db.RegistrationDbRepository - Entering findByEventId with eventId=4
2026-05-06 10:05:04 INFO  ro.mpp2026.repository.db.JdbcUtils - Getting database connection
2026-05-06 10:05:04 INFO  ro.mpp2026.repository.db.JdbcUtils - Database connection established successfully
2026-05-06 10:05:04 INFO  ro.mpp2026.repository.db.RegistrationDbRepository - findByEventId completed, 3 registrations found
2026-05-06 10:05:04 INFO  ro.mpp2026.repository.db.RegistrationDbRepository - Entering findByEventId with eventId=5
2026-05-06 10:05:04 INFO  ro.mpp2026.repository.db.JdbcUtils - Getting database connection
2026-05-06 10:05:04 INFO  ro.mpp2026.repository.db.JdbcUtils - Database connection established successfully
2026-05-06 10:05:04 INFO  ro.mpp2026.repository.db.RegistrationDbRepository - findByEventId completed, 1 registrations found
2026-05-06 10:05:04 INFO  ro.mpp2026.repository.db.RegistrationDbRepository - Entering findByEventId with eventId=6
2026-05-06 10:05:04 INFO  ro.mpp2026.repository.db.JdbcUtils - Getting database connection
2026-05-06 10:05:04 INFO  ro.mpp2026.repository.db.JdbcUtils - Database connection established successfully
2026-05-06 10:05:04 INFO  ro.mpp2026.repository.db.RegistrationDbRepository - findByEventId completed, 4 registrations found
2026-05-06 10:05:04 INFO  ro.mpp2026.repository.db.RegistrationDbRepository - Entering findByEventId with eventId=7
2026-05-06 10:05:04 INFO  ro.mpp2026.repository.db.JdbcUtils - Getting database connection
2026-05-06 10:05:04 INFO  ro.mpp2026.repository.db.JdbcUtils - Database connection established successfully
2026-05-06 10:05:04 INFO  ro.mpp2026.repository.db.RegistrationDbRepository - findByEventId completed, 4 registrations found
2026-05-06 10:05:04 INFO  ro.mpp2026.repository.db.RegistrationDbRepository - Entering findByEventId with eventId=8
2026-05-06 10:05:04 INFO  ro.mpp2026.repository.db.JdbcUtils - Getting database connection
2026-05-06 10:05:04 INFO  ro.mpp2026.repository.db.JdbcUtils - Database connection established successfully
2026-05-06 10:05:04 INFO  ro.mpp2026.repository.db.RegistrationDbRepository - findByEventId completed, 2 registrations found
2026-05-06 10:05:04 INFO  ro.mpp2026.repository.db.EventDbRepository - Entering findAll
2026-05-06 10:05:04 INFO  ro.mpp2026.repository.db.JdbcUtils - Getting database connection
2026-05-06 10:05:04 INFO  ro.mpp2026.repository.db.JdbcUtils - Database connection established successfully
2026-05-06 10:05:04 INFO  ro.mpp2026.repository.db.EventDbRepository - findAll completed, 8 events loaded
2026-05-06 10:05:04 INFO  ro.mpp2026.repository.db.RegistrationDbRepository - Entering findByEventId with eventId=1
2026-05-06 10:05:04 INFO  ro.mpp2026.repository.db.JdbcUtils - Getting database connection
2026-05-06 10:05:04 INFO  ro.mpp2026.repository.db.JdbcUtils - Database connection established successfully
2026-05-06 10:05:04 INFO  ro.mpp2026.repository.db.RegistrationDbRepository - findByEventId completed, 2 registrations found
2026-05-06 10:05:04 INFO  ro.mpp2026.repository.db.RegistrationDbRepository - Entering findByEventId with eventId=2
2026-05-06 10:05:04 INFO  ro.mpp2026.repository.db.JdbcUtils - Getting database connection
2026-05-06 10:05:04 INFO  ro.mpp2026.repository.db.JdbcUtils - Database connection established successfully
2026-05-06 10:05:04 INFO  ro.mpp2026.repository.db.RegistrationDbRepository - findByEventId completed, 1 registrations found
2026-05-06 10:05:04 INFO  ro.mpp2026.repository.db.RegistrationDbRepository - Entering findByEventId with eventId=3
2026-05-06 10:05:04 INFO  ro.mpp2026.repository.db.JdbcUtils - Getting database connection
2026-05-06 10:05:04 INFO  ro.mpp2026.repository.db.JdbcUtils - Database connection established successfully
2026-05-06 10:05:04 INFO  ro.mpp2026.repository.db.RegistrationDbRepository - findByEventId completed, 1 registrations found
2026-05-06 10:05:04 INFO  ro.mpp2026.repository.db.RegistrationDbRepository - Entering findByEventId with eventId=4
2026-05-06 10:05:04 INFO  ro.mpp2026.repository.db.JdbcUtils - Getting database connection
2026-05-06 10:05:04 INFO  ro.mpp2026.repository.db.JdbcUtils - Database connection established successfully
2026-05-06 10:05:04 INFO  ro.mpp2026.repository.db.RegistrationDbRepository - findByEventId completed, 3 registrations found
2026-05-06 10:05:04 INFO  ro.mpp2026.repository.db.RegistrationDbRepository - Entering findByEventId with eventId=5
2026-05-06 10:05:04 INFO  ro.mpp2026.repository.db.JdbcUtils - Getting database connection
2026-05-06 10:05:04 INFO  ro.mpp2026.repository.db.JdbcUtils - Database connection established successfully
2026-05-06 10:05:04 INFO  ro.mpp2026.repository.db.RegistrationDbRepository - findByEventId completed, 1 registrations found
2026-05-06 10:05:04 INFO  ro.mpp2026.repository.db.RegistrationDbRepository - Entering findByEventId with eventId=6
2026-05-06 10:05:04 INFO  ro.mpp2026.repository.db.JdbcUtils - Getting database connection
2026-05-06 10:05:04 INFO  ro.mpp2026.repository.db.JdbcUtils - Database connection established successfully
2026-05-06 10:05:04 INFO  ro.mpp2026.repository.db.RegistrationDbRepository - findByEventId completed, 4 registrations found
2026-05-06 10:05:04 INFO  ro.mpp2026.repository.db.RegistrationDbRepository - Entering findByEventId with eventId=7
2026-05-06 10:05:04 INFO  ro.mpp2026.repository.db.JdbcUtils - Getting database connection
2026-05-06 10:05:04 INFO  ro.mpp2026.repository.db.JdbcUtils - Database connection established successfully
2026-05-06 10:05:04 INFO  ro.mpp2026.repository.db.RegistrationDbRepository - findByEventId completed, 4 registrations found
2026-05-06 10:05:04 INFO  ro.mpp2026.repository.db.RegistrationDbRepository - Entering findByEventId with eventId=8
2026-05-06 10:05:04 INFO  ro.mpp2026.repository.db.JdbcUtils - Getting database connection
2026-05-06 10:05:04 INFO  ro.mpp2026.repository.db.JdbcUtils - Database connection established successfully
2026-05-06 10:05:04 INFO  ro.mpp2026.repository.db.RegistrationDbRepository - findByEventId completed, 2 registrations found
2026-05-06 10:05:04 INFO  ro.mpp2026.repository.db.RegistrationDbRepository - Entering findByEventId with eventId=7
2026-05-06 10:05:04 INFO  ro.mpp2026.repository.db.JdbcUtils - Getting database connection
2026-05-06 10:05:04 INFO  ro.mpp2026.repository.db.JdbcUtils - Database connection established successfully
2026-05-06 10:05:04 INFO  ro.mpp2026.repository.db.RegistrationDbRepository - findByEventId completed, 4 registrations found
2026-05-06 10:05:04 INFO  ro.mpp2026.repository.db.ChildDbRepository - Entering findById with id=5
2026-05-06 10:05:04 INFO  ro.mpp2026.repository.db.JdbcUtils - Getting database connection
2026-05-06 10:05:04 INFO  ro.mpp2026.repository.db.JdbcUtils - Database connection established successfully
2026-05-06 10:05:04 INFO  ro.mpp2026.repository.db.ChildDbRepository - Child found with id=5: Child{id=5, name='Maria Stoica', cnp='1234567890127', age=13}
2026-05-06 10:05:04 INFO  ro.mpp2026.repository.db.RegistrationDbRepository - Entering findByChildId with childId=5
2026-05-06 10:05:04 INFO  ro.mpp2026.repository.db.JdbcUtils - Getting database connection
2026-05-06 10:05:04 INFO  ro.mpp2026.repository.db.JdbcUtils - Database connection established successfully
2026-05-06 10:05:04 INFO  ro.mpp2026.repository.db.RegistrationDbRepository - findByChildId completed, 2 registrations found
2026-05-06 10:05:04 INFO  ro.mpp2026.repository.db.EventDbRepository - Entering findById with id=7
2026-05-06 10:05:04 INFO  ro.mpp2026.repository.db.JdbcUtils - Getting database connection
2026-05-06 10:05:04 INFO  ro.mpp2026.repository.db.JdbcUtils - Database connection established successfully
2026-05-06 10:05:04 INFO  ro.mpp2026.repository.db.EventDbRepository - Event found with id=7: Event{id=7, name='1000m', distance=1000, minAge=12, maxAge=15}
2026-05-06 10:05:04 INFO  ro.mpp2026.repository.db.EventDbRepository - Entering findById with id=8
2026-05-06 10:05:04 INFO  ro.mpp2026.repository.db.JdbcUtils - Getting database connection
2026-05-06 10:05:04 INFO  ro.mpp2026.repository.db.JdbcUtils - Database connection established successfully
2026-05-06 10:05:04 INFO  ro.mpp2026.repository.db.EventDbRepository - Event found with id=8: Event{id=8, name='1500m', distance=1500, minAge=12, maxAge=15}
2026-05-06 10:05:04 INFO  ro.mpp2026.repository.db.ChildDbRepository - Entering findById with id=7
2026-05-06 10:05:04 INFO  ro.mpp2026.repository.db.JdbcUtils - Getting database connection
2026-05-06 10:05:04 INFO  ro.mpp2026.repository.db.JdbcUtils - Database connection established successfully
2026-05-06 10:05:04 INFO  ro.mpp2026.repository.db.ChildDbRepository - Child found with id=7: Child{id=7, name='Victor', cnp='5050730170024', age=14}
2026-05-06 10:05:04 INFO  ro.mpp2026.repository.db.RegistrationDbRepository - Entering findByChildId with childId=7
2026-05-06 10:05:04 INFO  ro.mpp2026.repository.db.JdbcUtils - Getting database connection
2026-05-06 10:05:04 INFO  ro.mpp2026.repository.db.JdbcUtils - Database connection established successfully
2026-05-06 10:05:04 INFO  ro.mpp2026.repository.db.RegistrationDbRepository - findByChildId completed, 2 registrations found
2026-05-06 10:05:04 INFO  ro.mpp2026.repository.db.EventDbRepository - Entering findById with id=6
2026-05-06 10:05:04 INFO  ro.mpp2026.repository.db.JdbcUtils - Getting database connection
2026-05-06 10:05:04 INFO  ro.mpp2026.repository.db.JdbcUtils - Database connection established successfully
2026-05-06 10:05:04 INFO  ro.mpp2026.repository.db.EventDbRepository - Event found with id=6: Event{id=6, name='100m', distance=100, minAge=12, maxAge=15}
2026-05-06 10:05:04 INFO  ro.mpp2026.repository.db.EventDbRepository - Entering findById with id=7
2026-05-06 10:05:04 INFO  ro.mpp2026.repository.db.JdbcUtils - Getting database connection
2026-05-06 10:05:04 INFO  ro.mpp2026.repository.db.JdbcUtils - Database connection established successfully
2026-05-06 10:05:04 INFO  ro.mpp2026.repository.db.EventDbRepository - Event found with id=7: Event{id=7, name='1000m', distance=1000, minAge=12, maxAge=15}
2026-05-06 10:05:04 INFO  ro.mpp2026.repository.db.ChildDbRepository - Entering findById with id=9
2026-05-06 10:05:04 INFO  ro.mpp2026.repository.db.JdbcUtils - Getting database connection
2026-05-06 10:05:04 INFO  ro.mpp2026.repository.db.JdbcUtils - Database connection established successfully
2026-05-06 10:05:04 INFO  ro.mpp2026.repository.db.ChildDbRepository - Child found with id=9: Child{id=9, name='Lorena', cnp='7050730170024', age=14}
2026-05-06 10:05:04 INFO  ro.mpp2026.repository.db.RegistrationDbRepository - Entering findByChildId with childId=9
2026-05-06 10:05:04 INFO  ro.mpp2026.repository.db.JdbcUtils - Getting database connection
2026-05-06 10:05:04 INFO  ro.mpp2026.repository.db.JdbcUtils - Database connection established successfully
2026-05-06 10:05:04 INFO  ro.mpp2026.repository.db.RegistrationDbRepository - findByChildId completed, 1 registrations found
2026-05-06 10:05:04 INFO  ro.mpp2026.repository.db.EventDbRepository - Entering findById with id=7
2026-05-06 10:05:04 INFO  ro.mpp2026.repository.db.JdbcUtils - Getting database connection
2026-05-06 10:05:04 INFO  ro.mpp2026.repository.db.JdbcUtils - Database connection established successfully
2026-05-06 10:05:04 INFO  ro.mpp2026.repository.db.EventDbRepository - Event found with id=7: Event{id=7, name='1000m', distance=1000, minAge=12, maxAge=15}
2026-05-06 10:05:04 INFO  ro.mpp2026.repository.db.ChildDbRepository - Entering findById with id=10
2026-05-06 10:05:04 INFO  ro.mpp2026.repository.db.JdbcUtils - Getting database connection
2026-05-06 10:05:04 INFO  ro.mpp2026.repository.db.JdbcUtils - Database connection established successfully
2026-05-06 10:05:04 INFO  ro.mpp2026.repository.db.ChildDbRepository - Child found with id=10: Child{id=10, name='Child', cnp='1234567890789', age=12}
2026-05-06 10:05:04 INFO  ro.mpp2026.repository.db.RegistrationDbRepository - Entering findByChildId with childId=10
2026-05-06 10:05:04 INFO  ro.mpp2026.repository.db.JdbcUtils - Getting database connection
2026-05-06 10:05:04 INFO  ro.mpp2026.repository.db.JdbcUtils - Database connection established successfully
2026-05-06 10:05:04 INFO  ro.mpp2026.repository.db.RegistrationDbRepository - findByChildId completed, 2 registrations found
2026-05-06 10:05:04 INFO  ro.mpp2026.repository.db.EventDbRepository - Entering findById with id=6
2026-05-06 10:05:04 INFO  ro.mpp2026.repository.db.JdbcUtils - Getting database connection
2026-05-06 10:05:04 INFO  ro.mpp2026.repository.db.JdbcUtils - Database connection established successfully
2026-05-06 10:05:04 INFO  ro.mpp2026.repository.db.EventDbRepository - Event found with id=6: Event{id=6, name='100m', distance=100, minAge=12, maxAge=15}
2026-05-06 10:05:04 INFO  ro.mpp2026.repository.db.EventDbRepository - Entering findById with id=7
2026-05-06 10:05:04 INFO  ro.mpp2026.repository.db.JdbcUtils - Getting database connection
2026-05-06 10:05:04 INFO  ro.mpp2026.repository.db.JdbcUtils - Database connection established successfully
2026-05-06 10:05:04 INFO  ro.mpp2026.repository.db.EventDbRepository - Event found with id=7: Event{id=7, name='1000m', distance=1000, minAge=12, maxAge=15}
2026-05-06 10:05:04 INFO  ro.mpp2026.repository.db.RegistrationDbRepository - Entering findByEventId with eventId=7
2026-05-06 10:05:04 INFO  ro.mpp2026.repository.db.JdbcUtils - Getting database connection
2026-05-06 10:05:04 INFO  ro.mpp2026.repository.db.JdbcUtils - Database connection established successfully
2026-05-06 10:05:04 INFO  ro.mpp2026.repository.db.RegistrationDbRepository - findByEventId completed, 4 registrations found
2026-05-06 10:05:04 INFO  ro.mpp2026.repository.db.ChildDbRepository - Entering findById with id=5
2026-05-06 10:05:04 INFO  ro.mpp2026.repository.db.JdbcUtils - Getting database connection
2026-05-06 10:05:04 INFO  ro.mpp2026.repository.db.JdbcUtils - Database connection established successfully
2026-05-06 10:05:04 INFO  ro.mpp2026.repository.db.ChildDbRepository - Child found with id=5: Child{id=5, name='Maria Stoica', cnp='1234567890127', age=13}
2026-05-06 10:05:04 INFO  ro.mpp2026.repository.db.RegistrationDbRepository - Entering findByChildId with childId=5
2026-05-06 10:05:04 INFO  ro.mpp2026.repository.db.JdbcUtils - Getting database connection
2026-05-06 10:05:04 INFO  ro.mpp2026.repository.db.JdbcUtils - Database connection established successfully
2026-05-06 10:05:04 INFO  ro.mpp2026.repository.db.RegistrationDbRepository - findByChildId completed, 2 registrations found
2026-05-06 10:05:04 INFO  ro.mpp2026.repository.db.EventDbRepository - Entering findById with id=7
2026-05-06 10:05:04 INFO  ro.mpp2026.repository.db.JdbcUtils - Getting database connection
2026-05-06 10:05:04 INFO  ro.mpp2026.repository.db.JdbcUtils - Database connection established successfully
2026-05-06 10:05:04 INFO  ro.mpp2026.repository.db.EventDbRepository - Event found with id=7: Event{id=7, name='1000m', distance=1000, minAge=12, maxAge=15}
2026-05-06 10:05:04 INFO  ro.mpp2026.repository.db.EventDbRepository - Entering findById with id=8
2026-05-06 10:05:04 INFO  ro.mpp2026.repository.db.JdbcUtils - Getting database connection
2026-05-06 10:05:04 INFO  ro.mpp2026.repository.db.JdbcUtils - Database connection established successfully
2026-05-06 10:05:04 INFO  ro.mpp2026.repository.db.EventDbRepository - Event found with id=8: Event{id=8, name='1500m', distance=1500, minAge=12, maxAge=15}
2026-05-06 10:05:04 INFO  ro.mpp2026.repository.db.ChildDbRepository - Entering findById with id=7
2026-05-06 10:05:04 INFO  ro.mpp2026.repository.db.JdbcUtils - Getting database connection
2026-05-06 10:05:04 INFO  ro.mpp2026.repository.db.JdbcUtils - Database connection established successfully
2026-05-06 10:05:04 INFO  ro.mpp2026.repository.db.ChildDbRepository - Child found with id=7: Child{id=7, name='Victor', cnp='5050730170024', age=14}
2026-05-06 10:05:04 INFO  ro.mpp2026.repository.db.RegistrationDbRepository - Entering findByChildId with childId=7
2026-05-06 10:05:04 INFO  ro.mpp2026.repository.db.JdbcUtils - Getting database connection
2026-05-06 10:05:04 INFO  ro.mpp2026.repository.db.JdbcUtils - Database connection established successfully
2026-05-06 10:05:04 INFO  ro.mpp2026.repository.db.RegistrationDbRepository - findByChildId completed, 2 registrations found
2026-05-06 10:05:04 INFO  ro.mpp2026.repository.db.EventDbRepository - Entering findById with id=6
2026-05-06 10:05:04 INFO  ro.mpp2026.repository.db.JdbcUtils - Getting database connection
2026-05-06 10:05:04 INFO  ro.mpp2026.repository.db.JdbcUtils - Database connection established successfully
2026-05-06 10:05:04 INFO  ro.mpp2026.repository.db.EventDbRepository - Event found with id=6: Event{id=6, name='100m', distance=100, minAge=12, maxAge=15}
2026-05-06 10:05:04 INFO  ro.mpp2026.repository.db.EventDbRepository - Entering findById with id=7
2026-05-06 10:05:04 INFO  ro.mpp2026.repository.db.JdbcUtils - Getting database connection
2026-05-06 10:05:04 INFO  ro.mpp2026.repository.db.JdbcUtils - Database connection established successfully
2026-05-06 10:05:04 INFO  ro.mpp2026.repository.db.EventDbRepository - Event found with id=7: Event{id=7, name='1000m', distance=1000, minAge=12, maxAge=15}
2026-05-06 10:05:04 INFO  ro.mpp2026.repository.db.ChildDbRepository - Entering findById with id=9
2026-05-06 10:05:04 INFO  ro.mpp2026.repository.db.JdbcUtils - Getting database connection
2026-05-06 10:05:04 INFO  ro.mpp2026.repository.db.JdbcUtils - Database connection established successfully
2026-05-06 10:05:04 INFO  ro.mpp2026.repository.db.ChildDbRepository - Child found with id=9: Child{id=9, name='Lorena', cnp='7050730170024', age=14}
2026-05-06 10:05:04 INFO  ro.mpp2026.repository.db.RegistrationDbRepository - Entering findByChildId with childId=9
2026-05-06 10:05:04 INFO  ro.mpp2026.repository.db.JdbcUtils - Getting database connection
2026-05-06 10:05:04 INFO  ro.mpp2026.repository.db.JdbcUtils - Database connection established successfully
2026-05-06 10:05:04 INFO  ro.mpp2026.repository.db.RegistrationDbRepository - findByChildId completed, 1 registrations found
2026-05-06 10:05:04 INFO  ro.mpp2026.repository.db.EventDbRepository - Entering findById with id=7
2026-05-06 10:05:04 INFO  ro.mpp2026.repository.db.JdbcUtils - Getting database connection
2026-05-06 10:05:04 INFO  ro.mpp2026.repository.db.JdbcUtils - Database connection established successfully
2026-05-06 10:05:04 INFO  ro.mpp2026.repository.db.EventDbRepository - Event found with id=7: Event{id=7, name='1000m', distance=1000, minAge=12, maxAge=15}
2026-05-06 10:05:04 INFO  ro.mpp2026.repository.db.ChildDbRepository - Entering findById with id=10
2026-05-06 10:05:04 INFO  ro.mpp2026.repository.db.JdbcUtils - Getting database connection
2026-05-06 10:05:04 INFO  ro.mpp2026.repository.db.JdbcUtils - Database connection established successfully
2026-05-06 10:05:04 INFO  ro.mpp2026.repository.db.ChildDbRepository - Child found with id=10: Child{id=10, name='Child', cnp='1234567890789', age=12}
2026-05-06 10:05:04 INFO  ro.mpp2026.repository.db.RegistrationDbRepository - Entering findByChildId with childId=10
2026-05-06 10:05:04 INFO  ro.mpp2026.repository.db.JdbcUtils - Getting database connection
2026-05-06 10:05:04 INFO  ro.mpp2026.repository.db.JdbcUtils - Database connection established successfully
2026-05-06 10:05:04 INFO  ro.mpp2026.repository.db.RegistrationDbRepository - findByChildId completed, 2 registrations found
2026-05-06 10:05:04 INFO  ro.mpp2026.repository.db.EventDbRepository - Entering findById with id=6
2026-05-06 10:05:04 INFO  ro.mpp2026.repository.db.JdbcUtils - Getting database connection
2026-05-06 10:05:04 INFO  ro.mpp2026.repository.db.JdbcUtils - Database connection established successfully
2026-05-06 10:05:04 INFO  ro.mpp2026.repository.db.EventDbRepository - Event found with id=6: Event{id=6, name='100m', distance=100, minAge=12, maxAge=15}
2026-05-06 10:05:04 INFO  ro.mpp2026.repository.db.EventDbRepository - Entering findById with id=7
2026-05-06 10:05:04 INFO  ro.mpp2026.repository.db.JdbcUtils - Getting database connection
2026-05-06 10:05:04 INFO  ro.mpp2026.repository.db.JdbcUtils - Database connection established successfully
2026-05-06 10:05:04 INFO  ro.mpp2026.repository.db.EventDbRepository - Event found with id=7: Event{id=7, name='1000m', distance=1000, minAge=12, maxAge=15}
2026-05-06 10:05:05 INFO  ro.mpp2026.repository.db.EventDbRepository - Entering findAll
2026-05-06 10:05:05 INFO  ro.mpp2026.repository.db.JdbcUtils - Getting database connection
2026-05-06 10:05:05 INFO  ro.mpp2026.repository.db.JdbcUtils - Database connection established successfully
2026-05-06 10:05:05 INFO  ro.mpp2026.repository.db.EventDbRepository - findAll completed, 8 events loaded
2026-05-06 10:05:05 INFO  ro.mpp2026.repository.db.RegistrationDbRepository - Entering findByEventId with eventId=1
2026-05-06 10:05:05 INFO  ro.mpp2026.repository.db.JdbcUtils - Getting database connection
2026-05-06 10:05:05 INFO  ro.mpp2026.repository.db.JdbcUtils - Database connection established successfully
2026-05-06 10:05:05 INFO  ro.mpp2026.repository.db.RegistrationDbRepository - findByEventId completed, 2 registrations found
2026-05-06 10:05:05 INFO  ro.mpp2026.repository.db.RegistrationDbRepository - Entering findByEventId with eventId=2
2026-05-06 10:05:05 INFO  ro.mpp2026.repository.db.JdbcUtils - Getting database connection
2026-05-06 10:05:05 INFO  ro.mpp2026.repository.db.JdbcUtils - Database connection established successfully
2026-05-06 10:05:05 INFO  ro.mpp2026.repository.db.RegistrationDbRepository - findByEventId completed, 1 registrations found
2026-05-06 10:05:05 INFO  ro.mpp2026.repository.db.RegistrationDbRepository - Entering findByEventId with eventId=3
2026-05-06 10:05:05 INFO  ro.mpp2026.repository.db.JdbcUtils - Getting database connection
2026-05-06 10:05:05 INFO  ro.mpp2026.repository.db.JdbcUtils - Database connection established successfully
2026-05-06 10:05:05 INFO  ro.mpp2026.repository.db.RegistrationDbRepository - findByEventId completed, 1 registrations found
2026-05-06 10:05:05 INFO  ro.mpp2026.repository.db.RegistrationDbRepository - Entering findByEventId with eventId=4
2026-05-06 10:05:05 INFO  ro.mpp2026.repository.db.JdbcUtils - Getting database connection
2026-05-06 10:05:05 INFO  ro.mpp2026.repository.db.JdbcUtils - Database connection established successfully
2026-05-06 10:05:05 INFO  ro.mpp2026.repository.db.RegistrationDbRepository - findByEventId completed, 3 registrations found
2026-05-06 10:05:05 INFO  ro.mpp2026.repository.db.RegistrationDbRepository - Entering findByEventId with eventId=5
2026-05-06 10:05:05 INFO  ro.mpp2026.repository.db.JdbcUtils - Getting database connection
2026-05-06 10:05:05 INFO  ro.mpp2026.repository.db.JdbcUtils - Database connection established successfully
2026-05-06 10:05:05 INFO  ro.mpp2026.repository.db.RegistrationDbRepository - findByEventId completed, 1 registrations found
2026-05-06 10:05:05 INFO  ro.mpp2026.repository.db.RegistrationDbRepository - Entering findByEventId with eventId=6
2026-05-06 10:05:05 INFO  ro.mpp2026.repository.db.JdbcUtils - Getting database connection
2026-05-06 10:05:05 INFO  ro.mpp2026.repository.db.JdbcUtils - Database connection established successfully
2026-05-06 10:05:05 INFO  ro.mpp2026.repository.db.RegistrationDbRepository - findByEventId completed, 4 registrations found
2026-05-06 10:05:05 INFO  ro.mpp2026.repository.db.RegistrationDbRepository - Entering findByEventId with eventId=7
2026-05-06 10:05:05 INFO  ro.mpp2026.repository.db.JdbcUtils - Getting database connection
2026-05-06 10:05:05 INFO  ro.mpp2026.repository.db.JdbcUtils - Database connection established successfully
2026-05-06 10:05:05 INFO  ro.mpp2026.repository.db.RegistrationDbRepository - findByEventId completed, 4 registrations found
2026-05-06 10:05:05 INFO  ro.mpp2026.repository.db.RegistrationDbRepository - Entering findByEventId with eventId=8
2026-05-06 10:05:05 INFO  ro.mpp2026.repository.db.JdbcUtils - Getting database connection
2026-05-06 10:05:05 INFO  ro.mpp2026.repository.db.JdbcUtils - Database connection established successfully
2026-05-06 10:05:05 INFO  ro.mpp2026.repository.db.RegistrationDbRepository - findByEventId completed, 2 registrations found
2026-05-06 10:05:05 INFO  ro.mpp2026.repository.db.EventDbRepository - Entering findAll
2026-05-06 10:05:05 INFO  ro.mpp2026.repository.db.JdbcUtils - Getting database connection
2026-05-06 10:05:05 INFO  ro.mpp2026.repository.db.JdbcUtils - Database connection established successfully
2026-05-06 10:05:05 INFO  ro.mpp2026.repository.db.EventDbRepository - findAll completed, 8 events loaded
2026-05-06 10:05:05 INFO  ro.mpp2026.repository.db.RegistrationDbRepository - Entering findByEventId with eventId=1
2026-05-06 10:05:05 INFO  ro.mpp2026.repository.db.JdbcUtils - Getting database connection
2026-05-06 10:05:05 INFO  ro.mpp2026.repository.db.JdbcUtils - Database connection established successfully
2026-05-06 10:05:05 INFO  ro.mpp2026.repository.db.RegistrationDbRepository - findByEventId completed, 2 registrations found
2026-05-06 10:05:05 INFO  ro.mpp2026.repository.db.RegistrationDbRepository - Entering findByEventId with eventId=2
2026-05-06 10:05:05 INFO  ro.mpp2026.repository.db.JdbcUtils - Getting database connection
2026-05-06 10:05:05 INFO  ro.mpp2026.repository.db.JdbcUtils - Database connection established successfully
2026-05-06 10:05:05 INFO  ro.mpp2026.repository.db.RegistrationDbRepository - findByEventId completed, 1 registrations found
2026-05-06 10:05:05 INFO  ro.mpp2026.repository.db.RegistrationDbRepository - Entering findByEventId with eventId=3
2026-05-06 10:05:05 INFO  ro.mpp2026.repository.db.JdbcUtils - Getting database connection
2026-05-06 10:05:05 INFO  ro.mpp2026.repository.db.JdbcUtils - Database connection established successfully
2026-05-06 10:05:05 INFO  ro.mpp2026.repository.db.RegistrationDbRepository - findByEventId completed, 1 registrations found
2026-05-06 10:05:05 INFO  ro.mpp2026.repository.db.RegistrationDbRepository - Entering findByEventId with eventId=4
2026-05-06 10:05:05 INFO  ro.mpp2026.repository.db.JdbcUtils - Getting database connection
2026-05-06 10:05:05 INFO  ro.mpp2026.repository.db.JdbcUtils - Database connection established successfully
2026-05-06 10:05:05 INFO  ro.mpp2026.repository.db.RegistrationDbRepository - findByEventId completed, 3 registrations found
2026-05-06 10:05:05 INFO  ro.mpp2026.repository.db.RegistrationDbRepository - Entering findByEventId with eventId=5
2026-05-06 10:05:05 INFO  ro.mpp2026.repository.db.JdbcUtils - Getting database connection
2026-05-06 10:05:05 INFO  ro.mpp2026.repository.db.JdbcUtils - Database connection established successfully
2026-05-06 10:05:05 INFO  ro.mpp2026.repository.db.RegistrationDbRepository - findByEventId completed, 1 registrations found
2026-05-06 10:05:05 INFO  ro.mpp2026.repository.db.RegistrationDbRepository - Entering findByEventId with eventId=6
2026-05-06 10:05:05 INFO  ro.mpp2026.repository.db.JdbcUtils - Getting database connection
2026-05-06 10:05:05 INFO  ro.mpp2026.repository.db.JdbcUtils - Database connection established successfully
2026-05-06 10:05:05 INFO  ro.mpp2026.repository.db.RegistrationDbRepository - findByEventId completed, 4 registrations found
2026-05-06 10:05:05 INFO  ro.mpp2026.repository.db.RegistrationDbRepository - Entering findByEventId with eventId=7
2026-05-06 10:05:05 INFO  ro.mpp2026.repository.db.JdbcUtils - Getting database connection
2026-05-06 10:05:05 INFO  ro.mpp2026.repository.db.JdbcUtils - Database connection established successfully
2026-05-06 10:05:05 INFO  ro.mpp2026.repository.db.RegistrationDbRepository - findByEventId completed, 4 registrations found
2026-05-06 10:05:05 INFO  ro.mpp2026.repository.db.RegistrationDbRepository - Entering findByEventId with eventId=8
2026-05-06 10:05:05 INFO  ro.mpp2026.repository.db.JdbcUtils - Getting database connection
2026-05-06 10:05:05 INFO  ro.mpp2026.repository.db.JdbcUtils - Database connection established successfully
2026-05-06 10:05:05 INFO  ro.mpp2026.repository.db.RegistrationDbRepository - findByEventId completed, 2 registrations found
2026-05-06 10:05:05 INFO  ro.mpp2026.repository.db.RegistrationDbRepository - Entering findByEventId with eventId=7
2026-05-06 10:05:05 INFO  ro.mpp2026.repository.db.JdbcUtils - Getting database connection
2026-05-06 10:05:05 INFO  ro.mpp2026.repository.db.JdbcUtils - Database connection established successfully
2026-05-06 10:05:05 INFO  ro.mpp2026.repository.db.RegistrationDbRepository - findByEventId completed, 4 registrations found
2026-05-06 10:05:05 INFO  ro.mpp2026.repository.db.ChildDbRepository - Entering findById with id=5
2026-05-06 10:05:05 INFO  ro.mpp2026.repository.db.JdbcUtils - Getting database connection
2026-05-06 10:05:05 INFO  ro.mpp2026.repository.db.JdbcUtils - Database connection established successfully
2026-05-06 10:05:05 INFO  ro.mpp2026.repository.db.ChildDbRepository - Child found with id=5: Child{id=5, name='Maria Stoica', cnp='1234567890127', age=13}
2026-05-06 10:05:05 INFO  ro.mpp2026.repository.db.RegistrationDbRepository - Entering findByChildId with childId=5
2026-05-06 10:05:05 INFO  ro.mpp2026.repository.db.JdbcUtils - Getting database connection
2026-05-06 10:05:05 INFO  ro.mpp2026.repository.db.JdbcUtils - Database connection established successfully
2026-05-06 10:05:05 INFO  ro.mpp2026.repository.db.RegistrationDbRepository - findByChildId completed, 2 registrations found
2026-05-06 10:05:05 INFO  ro.mpp2026.repository.db.EventDbRepository - Entering findById with id=7
2026-05-06 10:05:05 INFO  ro.mpp2026.repository.db.JdbcUtils - Getting database connection
2026-05-06 10:05:05 INFO  ro.mpp2026.repository.db.JdbcUtils - Database connection established successfully
2026-05-06 10:05:05 INFO  ro.mpp2026.repository.db.EventDbRepository - Event found with id=7: Event{id=7, name='1000m', distance=1000, minAge=12, maxAge=15}
2026-05-06 10:05:05 INFO  ro.mpp2026.repository.db.EventDbRepository - Entering findById with id=8
2026-05-06 10:05:05 INFO  ro.mpp2026.repository.db.JdbcUtils - Getting database connection
2026-05-06 10:05:05 INFO  ro.mpp2026.repository.db.JdbcUtils - Database connection established successfully
2026-05-06 10:05:05 INFO  ro.mpp2026.repository.db.EventDbRepository - Event found with id=8: Event{id=8, name='1500m', distance=1500, minAge=12, maxAge=15}
2026-05-06 10:05:05 INFO  ro.mpp2026.repository.db.ChildDbRepository - Entering findById with id=7
2026-05-06 10:05:05 INFO  ro.mpp2026.repository.db.JdbcUtils - Getting database connection
2026-05-06 10:05:05 INFO  ro.mpp2026.repository.db.JdbcUtils - Database connection established successfully
2026-05-06 10:05:05 INFO  ro.mpp2026.repository.db.ChildDbRepository - Child found with id=7: Child{id=7, name='Victor', cnp='5050730170024', age=14}
2026-05-06 10:05:05 INFO  ro.mpp2026.repository.db.RegistrationDbRepository - Entering findByChildId with childId=7
2026-05-06 10:05:05 INFO  ro.mpp2026.repository.db.JdbcUtils - Getting database connection
2026-05-06 10:05:05 INFO  ro.mpp2026.repository.db.JdbcUtils - Database connection established successfully
2026-05-06 10:05:05 INFO  ro.mpp2026.repository.db.RegistrationDbRepository - findByChildId completed, 2 registrations found
2026-05-06 10:05:05 INFO  ro.mpp2026.repository.db.EventDbRepository - Entering findById with id=6
2026-05-06 10:05:05 INFO  ro.mpp2026.repository.db.JdbcUtils - Getting database connection
2026-05-06 10:05:05 INFO  ro.mpp2026.repository.db.JdbcUtils - Database connection established successfully
2026-05-06 10:05:05 INFO  ro.mpp2026.repository.db.EventDbRepository - Event found with id=6: Event{id=6, name='100m', distance=100, minAge=12, maxAge=15}
2026-05-06 10:05:05 INFO  ro.mpp2026.repository.db.EventDbRepository - Entering findById with id=7
2026-05-06 10:05:05 INFO  ro.mpp2026.repository.db.JdbcUtils - Getting database connection
2026-05-06 10:05:05 INFO  ro.mpp2026.repository.db.JdbcUtils - Database connection established successfully
2026-05-06 10:05:05 INFO  ro.mpp2026.repository.db.EventDbRepository - Event found with id=7: Event{id=7, name='1000m', distance=1000, minAge=12, maxAge=15}
2026-05-06 10:05:05 INFO  ro.mpp2026.repository.db.ChildDbRepository - Entering findById with id=9
2026-05-06 10:05:05 INFO  ro.mpp2026.repository.db.JdbcUtils - Getting database connection
2026-05-06 10:05:05 INFO  ro.mpp2026.repository.db.JdbcUtils - Database connection established successfully
2026-05-06 10:05:05 INFO  ro.mpp2026.repository.db.ChildDbRepository - Child found with id=9: Child{id=9, name='Lorena', cnp='7050730170024', age=14}
2026-05-06 10:05:05 INFO  ro.mpp2026.repository.db.RegistrationDbRepository - Entering findByChildId with childId=9
2026-05-06 10:05:05 INFO  ro.mpp2026.repository.db.JdbcUtils - Getting database connection
2026-05-06 10:05:05 INFO  ro.mpp2026.repository.db.JdbcUtils - Database connection established successfully
2026-05-06 10:05:05 INFO  ro.mpp2026.repository.db.RegistrationDbRepository - findByChildId completed, 1 registrations found
2026-05-06 10:05:05 INFO  ro.mpp2026.repository.db.EventDbRepository - Entering findById with id=7
2026-05-06 10:05:05 INFO  ro.mpp2026.repository.db.JdbcUtils - Getting database connection
2026-05-06 10:05:05 INFO  ro.mpp2026.repository.db.JdbcUtils - Database connection established successfully
2026-05-06 10:05:05 INFO  ro.mpp2026.repository.db.EventDbRepository - Event found with id=7: Event{id=7, name='1000m', distance=1000, minAge=12, maxAge=15}
2026-05-06 10:05:05 INFO  ro.mpp2026.repository.db.ChildDbRepository - Entering findById with id=10
2026-05-06 10:05:05 INFO  ro.mpp2026.repository.db.JdbcUtils - Getting database connection
2026-05-06 10:05:05 INFO  ro.mpp2026.repository.db.JdbcUtils - Database connection established successfully
2026-05-06 10:05:05 INFO  ro.mpp2026.repository.db.ChildDbRepository - Child found with id=10: Child{id=10, name='Child', cnp='1234567890789', age=12}
2026-05-06 10:05:05 INFO  ro.mpp2026.repository.db.RegistrationDbRepository - Entering findByChildId with childId=10
2026-05-06 10:05:05 INFO  ro.mpp2026.repository.db.JdbcUtils - Getting database connection
2026-05-06 10:05:05 INFO  ro.mpp2026.repository.db.JdbcUtils - Database connection established successfully
2026-05-06 10:05:05 INFO  ro.mpp2026.repository.db.RegistrationDbRepository - findByChildId completed, 2 registrations found
2026-05-06 10:05:05 INFO  ro.mpp2026.repository.db.EventDbRepository - Entering findById with id=6
2026-05-06 10:05:05 INFO  ro.mpp2026.repository.db.JdbcUtils - Getting database connection
2026-05-06 10:05:05 INFO  ro.mpp2026.repository.db.JdbcUtils - Database connection established successfully
2026-05-06 10:05:05 INFO  ro.mpp2026.repository.db.EventDbRepository - Event found with id=6: Event{id=6, name='100m', distance=100, minAge=12, maxAge=15}
2026-05-06 10:05:05 INFO  ro.mpp2026.repository.db.EventDbRepository - Entering findById with id=7
2026-05-06 10:05:05 INFO  ro.mpp2026.repository.db.JdbcUtils - Getting database connection
2026-05-06 10:05:05 INFO  ro.mpp2026.repository.db.JdbcUtils - Database connection established successfully
2026-05-06 10:05:05 INFO  ro.mpp2026.repository.db.EventDbRepository - Event found with id=7: Event{id=7, name='1000m', distance=1000, minAge=12, maxAge=15}
2026-05-06 10:05:05 INFO  ro.mpp2026.repository.db.RegistrationDbRepository - Entering findByEventId with eventId=7
2026-05-06 10:05:05 INFO  ro.mpp2026.repository.db.JdbcUtils - Getting database connection
2026-05-06 10:05:05 INFO  ro.mpp2026.repository.db.JdbcUtils - Database connection established successfully
2026-05-06 10:05:05 INFO  ro.mpp2026.repository.db.RegistrationDbRepository - findByEventId completed, 4 registrations found
2026-05-06 10:05:05 INFO  ro.mpp2026.repository.db.ChildDbRepository - Entering findById with id=5
2026-05-06 10:05:05 INFO  ro.mpp2026.repository.db.JdbcUtils - Getting database connection
2026-05-06 10:05:05 INFO  ro.mpp2026.repository.db.JdbcUtils - Database connection established successfully
2026-05-06 10:05:05 INFO  ro.mpp2026.repository.db.ChildDbRepository - Child found with id=5: Child{id=5, name='Maria Stoica', cnp='1234567890127', age=13}
2026-05-06 10:05:05 INFO  ro.mpp2026.repository.db.RegistrationDbRepository - Entering findByChildId with childId=5
2026-05-06 10:05:05 INFO  ro.mpp2026.repository.db.JdbcUtils - Getting database connection
2026-05-06 10:05:05 INFO  ro.mpp2026.repository.db.JdbcUtils - Database connection established successfully
2026-05-06 10:05:05 INFO  ro.mpp2026.repository.db.RegistrationDbRepository - findByChildId completed, 2 registrations found
2026-05-06 10:05:05 INFO  ro.mpp2026.repository.db.EventDbRepository - Entering findById with id=7
2026-05-06 10:05:05 INFO  ro.mpp2026.repository.db.JdbcUtils - Getting database connection
2026-05-06 10:05:05 INFO  ro.mpp2026.repository.db.JdbcUtils - Database connection established successfully
2026-05-06 10:05:05 INFO  ro.mpp2026.repository.db.EventDbRepository - Event found with id=7: Event{id=7, name='1000m', distance=1000, minAge=12, maxAge=15}
2026-05-06 10:05:05 INFO  ro.mpp2026.repository.db.EventDbRepository - Entering findById with id=8
2026-05-06 10:05:05 INFO  ro.mpp2026.repository.db.JdbcUtils - Getting database connection
2026-05-06 10:05:05 INFO  ro.mpp2026.repository.db.JdbcUtils - Database connection established successfully
2026-05-06 10:05:05 INFO  ro.mpp2026.repository.db.EventDbRepository - Event found with id=8: Event{id=8, name='1500m', distance=1500, minAge=12, maxAge=15}
2026-05-06 10:05:05 INFO  ro.mpp2026.repository.db.ChildDbRepository - Entering findById with id=7
2026-05-06 10:05:05 INFO  ro.mpp2026.repository.db.JdbcUtils - Getting database connection
2026-05-06 10:05:05 INFO  ro.mpp2026.repository.db.JdbcUtils - Database connection established successfully
2026-05-06 10:05:05 INFO  ro.mpp2026.repository.db.ChildDbRepository - Child found with id=7: Child{id=7, name='Victor', cnp='5050730170024', age=14}
2026-05-06 10:05:05 INFO  ro.mpp2026.repository.db.RegistrationDbRepository - Entering findByChildId with childId=7
2026-05-06 10:05:05 INFO  ro.mpp2026.repository.db.JdbcUtils - Getting database connection
2026-05-06 10:05:05 INFO  ro.mpp2026.repository.db.JdbcUtils - Database connection established successfully
2026-05-06 10:05:05 INFO  ro.mpp2026.repository.db.RegistrationDbRepository - findByChildId completed, 2 registrations found
2026-05-06 10:05:05 INFO  ro.mpp2026.repository.db.EventDbRepository - Entering findById with id=6
2026-05-06 10:05:05 INFO  ro.mpp2026.repository.db.JdbcUtils - Getting database connection
2026-05-06 10:05:05 INFO  ro.mpp2026.repository.db.JdbcUtils - Database connection established successfully
2026-05-06 10:05:05 INFO  ro.mpp2026.repository.db.EventDbRepository - Event found with id=6: Event{id=6, name='100m', distance=100, minAge=12, maxAge=15}
2026-05-06 10:05:05 INFO  ro.mpp2026.repository.db.EventDbRepository - Entering findById with id=7
2026-05-06 10:05:05 INFO  ro.mpp2026.repository.db.JdbcUtils - Getting database connection
2026-05-06 10:05:05 INFO  ro.mpp2026.repository.db.JdbcUtils - Database connection established successfully
2026-05-06 10:05:05 INFO  ro.mpp2026.repository.db.EventDbRepository - Event found with id=7: Event{id=7, name='1000m', distance=1000, minAge=12, maxAge=15}
2026-05-06 10:05:05 INFO  ro.mpp2026.repository.db.ChildDbRepository - Entering findById with id=9
2026-05-06 10:05:05 INFO  ro.mpp2026.repository.db.JdbcUtils - Getting database connection
2026-05-06 10:05:05 INFO  ro.mpp2026.repository.db.JdbcUtils - Database connection established successfully
2026-05-06 10:05:05 INFO  ro.mpp2026.repository.db.ChildDbRepository - Child found with id=9: Child{id=9, name='Lorena', cnp='7050730170024', age=14}
2026-05-06 10:05:05 INFO  ro.mpp2026.repository.db.RegistrationDbRepository - Entering findByChildId with childId=9
2026-05-06 10:05:05 INFO  ro.mpp2026.repository.db.JdbcUtils - Getting database connection
2026-05-06 10:05:05 INFO  ro.mpp2026.repository.db.JdbcUtils - Database connection established successfully
2026-05-06 10:05:05 INFO  ro.mpp2026.repository.db.RegistrationDbRepository - findByChildId completed, 1 registrations found
2026-05-06 10:05:05 INFO  ro.mpp2026.repository.db.EventDbRepository - Entering findById with id=7
2026-05-06 10:05:05 INFO  ro.mpp2026.repository.db.JdbcUtils - Getting database connection
2026-05-06 10:05:05 INFO  ro.mpp2026.repository.db.JdbcUtils - Database connection established successfully
2026-05-06 10:05:05 INFO  ro.mpp2026.repository.db.EventDbRepository - Event found with id=7: Event{id=7, name='1000m', distance=1000, minAge=12, maxAge=15}
2026-05-06 10:05:05 INFO  ro.mpp2026.repository.db.ChildDbRepository - Entering findById with id=10
2026-05-06 10:05:05 INFO  ro.mpp2026.repository.db.JdbcUtils - Getting database connection
2026-05-06 10:05:05 INFO  ro.mpp2026.repository.db.JdbcUtils - Database connection established successfully
2026-05-06 10:05:05 INFO  ro.mpp2026.repository.db.ChildDbRepository - Child found with id=10: Child{id=10, name='Child', cnp='1234567890789', age=12}
2026-05-06 10:05:05 INFO  ro.mpp2026.repository.db.RegistrationDbRepository - Entering findByChildId with childId=10
2026-05-06 10:05:05 INFO  ro.mpp2026.repository.db.JdbcUtils - Getting database connection
2026-05-06 10:05:06 INFO  ro.mpp2026.repository.db.JdbcUtils - Database connection established successfully
2026-05-06 10:05:06 INFO  ro.mpp2026.repository.db.RegistrationDbRepository - findByChildId completed, 2 registrations found
2026-05-06 10:05:06 INFO  ro.mpp2026.repository.db.EventDbRepository - Entering findById with id=6
2026-05-06 10:05:06 INFO  ro.mpp2026.repository.db.JdbcUtils - Getting database connection
2026-05-06 10:05:06 INFO  ro.mpp2026.repository.db.JdbcUtils - Database connection established successfully
2026-05-06 10:05:06 INFO  ro.mpp2026.repository.db.EventDbRepository - Event found with id=6: Event{id=6, name='100m', distance=100, minAge=12, maxAge=15}
2026-05-06 10:05:06 INFO  ro.mpp2026.repository.db.EventDbRepository - Entering findById with id=7
2026-05-06 10:05:06 INFO  ro.mpp2026.repository.db.JdbcUtils - Getting database connection
2026-05-06 10:05:06 INFO  ro.mpp2026.repository.db.JdbcUtils - Database connection established successfully
2026-05-06 10:05:06 INFO  ro.mpp2026.repository.db.EventDbRepository - Event found with id=7: Event{id=7, name='1000m', distance=1000, minAge=12, maxAge=15}
2026-05-06 10:06:57 INFO  ro.mpp2026.repository.db.JdbcUtils - Initializing JdbcUtils
2026-05-06 10:06:57 INFO  ro.mpp2026.repository.db.JdbcUtils - Database configuration loaded successfully
2026-05-06 10:06:57 INFO  ro.mpp2026.repository.db.UserDbRepository - Initializing UserDbRepository
2026-05-06 10:06:57 INFO  ro.mpp2026.repository.db.ChildDbRepository - Initializing ChildDbRepository
2026-05-06 10:06:57 INFO  ro.mpp2026.repository.db.EventDbRepository - Initializing EventDbRepository
2026-05-06 10:06:57 INFO  ro.mpp2026.repository.db.RegistrationDbRepository - Initializing RegistrationDbRepository
2026-05-06 10:07:15 INFO  ro.mpp2026.repository.db.UserDbRepository - Entering findByUsername with username=oficiu1
2026-05-06 10:07:15 INFO  ro.mpp2026.repository.db.JdbcUtils - Getting database connection
2026-05-06 10:07:15 INFO  ro.mpp2026.repository.db.JdbcUtils - Database connection established successfully
2026-05-06 10:07:15 INFO  ro.mpp2026.repository.db.UserDbRepository - User found with username=oficiu1: User{id=1, username='oficiu1', passwordHash='03ac674216f3e15c761ee1a5e255f067953623c8b388b4459e13f978d7c846f4', office='Centru'}
2026-05-06 10:07:15 INFO  ro.mpp2026.repository.db.EventDbRepository - Entering findAll
2026-05-06 10:07:15 INFO  ro.mpp2026.repository.db.JdbcUtils - Getting database connection
2026-05-06 10:07:15 INFO  ro.mpp2026.repository.db.JdbcUtils - Database connection established successfully
2026-05-06 10:07:15 INFO  ro.mpp2026.repository.db.EventDbRepository - findAll completed, 8 events loaded
2026-05-06 10:07:15 INFO  ro.mpp2026.repository.db.RegistrationDbRepository - Entering findByEventId with eventId=1
2026-05-06 10:07:15 INFO  ro.mpp2026.repository.db.JdbcUtils - Getting database connection
2026-05-06 10:07:15 INFO  ro.mpp2026.repository.db.JdbcUtils - Database connection established successfully
2026-05-06 10:07:15 INFO  ro.mpp2026.repository.db.RegistrationDbRepository - findByEventId completed, 2 registrations found
2026-05-06 10:07:15 INFO  ro.mpp2026.repository.db.RegistrationDbRepository - Entering findByEventId with eventId=2
2026-05-06 10:07:15 INFO  ro.mpp2026.repository.db.JdbcUtils - Getting database connection
2026-05-06 10:07:15 INFO  ro.mpp2026.repository.db.JdbcUtils - Database connection established successfully
2026-05-06 10:07:15 INFO  ro.mpp2026.repository.db.RegistrationDbRepository - findByEventId completed, 1 registrations found
2026-05-06 10:07:15 INFO  ro.mpp2026.repository.db.RegistrationDbRepository - Entering findByEventId with eventId=3
2026-05-06 10:07:15 INFO  ro.mpp2026.repository.db.JdbcUtils - Getting database connection
2026-05-06 10:07:15 INFO  ro.mpp2026.repository.db.JdbcUtils - Database connection established successfully
2026-05-06 10:07:15 INFO  ro.mpp2026.repository.db.RegistrationDbRepository - findByEventId completed, 1 registrations found
2026-05-06 10:07:15 INFO  ro.mpp2026.repository.db.RegistrationDbRepository - Entering findByEventId with eventId=4
2026-05-06 10:07:15 INFO  ro.mpp2026.repository.db.JdbcUtils - Getting database connection
2026-05-06 10:07:15 INFO  ro.mpp2026.repository.db.JdbcUtils - Database connection established successfully
2026-05-06 10:07:15 INFO  ro.mpp2026.repository.db.RegistrationDbRepository - findByEventId completed, 3 registrations found
2026-05-06 10:07:15 INFO  ro.mpp2026.repository.db.RegistrationDbRepository - Entering findByEventId with eventId=5
2026-05-06 10:07:15 INFO  ro.mpp2026.repository.db.JdbcUtils - Getting database connection
2026-05-06 10:07:15 INFO  ro.mpp2026.repository.db.JdbcUtils - Database connection established successfully
2026-05-06 10:07:15 INFO  ro.mpp2026.repository.db.RegistrationDbRepository - findByEventId completed, 1 registrations found
2026-05-06 10:07:15 INFO  ro.mpp2026.repository.db.RegistrationDbRepository - Entering findByEventId with eventId=6
2026-05-06 10:07:15 INFO  ro.mpp2026.repository.db.JdbcUtils - Getting database connection
2026-05-06 10:07:15 INFO  ro.mpp2026.repository.db.JdbcUtils - Database connection established successfully
2026-05-06 10:07:15 INFO  ro.mpp2026.repository.db.RegistrationDbRepository - findByEventId completed, 4 registrations found
2026-05-06 10:07:15 INFO  ro.mpp2026.repository.db.RegistrationDbRepository - Entering findByEventId with eventId=7
2026-05-06 10:07:15 INFO  ro.mpp2026.repository.db.JdbcUtils - Getting database connection
2026-05-06 10:07:15 INFO  ro.mpp2026.repository.db.JdbcUtils - Database connection established successfully
2026-05-06 10:07:15 INFO  ro.mpp2026.repository.db.RegistrationDbRepository - findByEventId completed, 4 registrations found
2026-05-06 10:07:15 INFO  ro.mpp2026.repository.db.RegistrationDbRepository - Entering findByEventId with eventId=8
2026-05-06 10:07:15 INFO  ro.mpp2026.repository.db.JdbcUtils - Getting database connection
2026-05-06 10:07:15 INFO  ro.mpp2026.repository.db.JdbcUtils - Database connection established successfully
2026-05-06 10:07:15 INFO  ro.mpp2026.repository.db.RegistrationDbRepository - findByEventId completed, 2 registrations found
2026-05-06 10:07:15 INFO  ro.mpp2026.repository.db.EventDbRepository - Entering findAll
2026-05-06 10:07:15 INFO  ro.mpp2026.repository.db.JdbcUtils - Getting database connection
2026-05-06 10:07:15 INFO  ro.mpp2026.repository.db.JdbcUtils - Database connection established successfully
2026-05-06 10:07:15 INFO  ro.mpp2026.repository.db.EventDbRepository - findAll completed, 8 events loaded
2026-05-06 10:07:15 INFO  ro.mpp2026.repository.db.RegistrationDbRepository - Entering findByEventId with eventId=1
2026-05-06 10:07:15 INFO  ro.mpp2026.repository.db.JdbcUtils - Getting database connection
2026-05-06 10:07:15 INFO  ro.mpp2026.repository.db.JdbcUtils - Database connection established successfully
2026-05-06 10:07:15 INFO  ro.mpp2026.repository.db.RegistrationDbRepository - findByEventId completed, 2 registrations found
2026-05-06 10:07:15 INFO  ro.mpp2026.repository.db.RegistrationDbRepository - Entering findByEventId with eventId=2
2026-05-06 10:07:15 INFO  ro.mpp2026.repository.db.JdbcUtils - Getting database connection
2026-05-06 10:07:15 INFO  ro.mpp2026.repository.db.JdbcUtils - Database connection established successfully
2026-05-06 10:07:15 INFO  ro.mpp2026.repository.db.RegistrationDbRepository - findByEventId completed, 1 registrations found
2026-05-06 10:07:15 INFO  ro.mpp2026.repository.db.RegistrationDbRepository - Entering findByEventId with eventId=3
2026-05-06 10:07:15 INFO  ro.mpp2026.repository.db.JdbcUtils - Getting database connection
2026-05-06 10:07:15 INFO  ro.mpp2026.repository.db.JdbcUtils - Database connection established successfully
2026-05-06 10:07:15 INFO  ro.mpp2026.repository.db.RegistrationDbRepository - findByEventId completed, 1 registrations found
2026-05-06 10:07:15 INFO  ro.mpp2026.repository.db.RegistrationDbRepository - Entering findByEventId with eventId=4
2026-05-06 10:07:15 INFO  ro.mpp2026.repository.db.JdbcUtils - Getting database connection
2026-05-06 10:07:15 INFO  ro.mpp2026.repository.db.JdbcUtils - Database connection established successfully
2026-05-06 10:07:15 INFO  ro.mpp2026.repository.db.RegistrationDbRepository - findByEventId completed, 3 registrations found
2026-05-06 10:07:15 INFO  ro.mpp2026.repository.db.RegistrationDbRepository - Entering findByEventId with eventId=5
2026-05-06 10:07:15 INFO  ro.mpp2026.repository.db.JdbcUtils - Getting database connection
2026-05-06 10:07:15 INFO  ro.mpp2026.repository.db.JdbcUtils - Database connection established successfully
2026-05-06 10:07:15 INFO  ro.mpp2026.repository.db.RegistrationDbRepository - findByEventId completed, 1 registrations found
2026-05-06 10:07:15 INFO  ro.mpp2026.repository.db.RegistrationDbRepository - Entering findByEventId with eventId=6
2026-05-06 10:07:15 INFO  ro.mpp2026.repository.db.JdbcUtils - Getting database connection
2026-05-06 10:07:15 INFO  ro.mpp2026.repository.db.JdbcUtils - Database connection established successfully
2026-05-06 10:07:15 INFO  ro.mpp2026.repository.db.RegistrationDbRepository - findByEventId completed, 4 registrations found
2026-05-06 10:07:15 INFO  ro.mpp2026.repository.db.RegistrationDbRepository - Entering findByEventId with eventId=7
2026-05-06 10:07:15 INFO  ro.mpp2026.repository.db.JdbcUtils - Getting database connection
2026-05-06 10:07:15 INFO  ro.mpp2026.repository.db.JdbcUtils - Database connection established successfully
2026-05-06 10:07:15 INFO  ro.mpp2026.repository.db.RegistrationDbRepository - findByEventId completed, 4 registrations found
2026-05-06 10:07:15 INFO  ro.mpp2026.repository.db.RegistrationDbRepository - Entering findByEventId with eventId=8
2026-05-06 10:07:15 INFO  ro.mpp2026.repository.db.JdbcUtils - Getting database connection
2026-05-06 10:07:15 INFO  ro.mpp2026.repository.db.JdbcUtils - Database connection established successfully
2026-05-06 10:07:15 INFO  ro.mpp2026.repository.db.RegistrationDbRepository - findByEventId completed, 2 registrations found
2026-05-06 10:07:36 INFO  ro.mpp2026.repository.db.UserDbRepository - Entering findByUsername with username=oficiu2
2026-05-06 10:07:36 INFO  ro.mpp2026.repository.db.JdbcUtils - Getting database connection
2026-05-06 10:07:36 INFO  ro.mpp2026.repository.db.JdbcUtils - Database connection established successfully
2026-05-06 10:07:36 INFO  ro.mpp2026.repository.db.UserDbRepository - User found with username=oficiu2: User{id=2, username='oficiu2', passwordHash='03ac674216f3e15c761ee1a5e255f067953623c8b388b4459e13f978d7c846f4', office='Nord'}
2026-05-06 10:07:36 INFO  ro.mpp2026.repository.db.EventDbRepository - Entering findAll
2026-05-06 10:07:36 INFO  ro.mpp2026.repository.db.JdbcUtils - Getting database connection
2026-05-06 10:07:36 INFO  ro.mpp2026.repository.db.JdbcUtils - Database connection established successfully
2026-05-06 10:07:36 INFO  ro.mpp2026.repository.db.EventDbRepository - findAll completed, 8 events loaded
2026-05-06 10:07:36 INFO  ro.mpp2026.repository.db.RegistrationDbRepository - Entering findByEventId with eventId=1
2026-05-06 10:07:36 INFO  ro.mpp2026.repository.db.JdbcUtils - Getting database connection
2026-05-06 10:07:36 INFO  ro.mpp2026.repository.db.JdbcUtils - Database connection established successfully
2026-05-06 10:07:36 INFO  ro.mpp2026.repository.db.RegistrationDbRepository - findByEventId completed, 2 registrations found
2026-05-06 10:07:36 INFO  ro.mpp2026.repository.db.RegistrationDbRepository - Entering findByEventId with eventId=2
2026-05-06 10:07:36 INFO  ro.mpp2026.repository.db.JdbcUtils - Getting database connection
2026-05-06 10:07:36 INFO  ro.mpp2026.repository.db.JdbcUtils - Database connection established successfully
2026-05-06 10:07:36 INFO  ro.mpp2026.repository.db.RegistrationDbRepository - findByEventId completed, 1 registrations found
2026-05-06 10:07:36 INFO  ro.mpp2026.repository.db.RegistrationDbRepository - Entering findByEventId with eventId=3
2026-05-06 10:07:36 INFO  ro.mpp2026.repository.db.JdbcUtils - Getting database connection
2026-05-06 10:07:36 INFO  ro.mpp2026.repository.db.JdbcUtils - Database connection established successfully
2026-05-06 10:07:36 INFO  ro.mpp2026.repository.db.RegistrationDbRepository - findByEventId completed, 1 registrations found
2026-05-06 10:07:36 INFO  ro.mpp2026.repository.db.RegistrationDbRepository - Entering findByEventId with eventId=4
2026-05-06 10:07:36 INFO  ro.mpp2026.repository.db.JdbcUtils - Getting database connection
2026-05-06 10:07:36 INFO  ro.mpp2026.repository.db.JdbcUtils - Database connection established successfully
2026-05-06 10:07:36 INFO  ro.mpp2026.repository.db.RegistrationDbRepository - findByEventId completed, 3 registrations found
2026-05-06 10:07:36 INFO  ro.mpp2026.repository.db.RegistrationDbRepository - Entering findByEventId with eventId=5
2026-05-06 10:07:36 INFO  ro.mpp2026.repository.db.JdbcUtils - Getting database connection
2026-05-06 10:07:36 INFO  ro.mpp2026.repository.db.JdbcUtils - Database connection established successfully
2026-05-06 10:07:36 INFO  ro.mpp2026.repository.db.RegistrationDbRepository - findByEventId completed, 1 registrations found
2026-05-06 10:07:36 INFO  ro.mpp2026.repository.db.RegistrationDbRepository - Entering findByEventId with eventId=6
2026-05-06 10:07:36 INFO  ro.mpp2026.repository.db.JdbcUtils - Getting database connection
2026-05-06 10:07:36 INFO  ro.mpp2026.repository.db.JdbcUtils - Database connection established successfully
2026-05-06 10:07:36 INFO  ro.mpp2026.repository.db.RegistrationDbRepository - findByEventId completed, 4 registrations found
2026-05-06 10:07:36 INFO  ro.mpp2026.repository.db.RegistrationDbRepository - Entering findByEventId with eventId=7
2026-05-06 10:07:36 INFO  ro.mpp2026.repository.db.JdbcUtils - Getting database connection
2026-05-06 10:07:36 INFO  ro.mpp2026.repository.db.JdbcUtils - Database connection established successfully
2026-05-06 10:07:36 INFO  ro.mpp2026.repository.db.RegistrationDbRepository - findByEventId completed, 4 registrations found
2026-05-06 10:07:36 INFO  ro.mpp2026.repository.db.RegistrationDbRepository - Entering findByEventId with eventId=8
2026-05-06 10:07:36 INFO  ro.mpp2026.repository.db.JdbcUtils - Getting database connection
2026-05-06 10:07:36 INFO  ro.mpp2026.repository.db.JdbcUtils - Database connection established successfully
2026-05-06 10:07:36 INFO  ro.mpp2026.repository.db.RegistrationDbRepository - findByEventId completed, 2 registrations found
2026-05-06 10:07:36 INFO  ro.mpp2026.repository.db.EventDbRepository - Entering findAll
2026-05-06 10:07:36 INFO  ro.mpp2026.repository.db.JdbcUtils - Getting database connection
2026-05-06 10:07:36 INFO  ro.mpp2026.repository.db.JdbcUtils - Database connection established successfully
2026-05-06 10:07:36 INFO  ro.mpp2026.repository.db.EventDbRepository - findAll completed, 8 events loaded
2026-05-06 10:07:36 INFO  ro.mpp2026.repository.db.RegistrationDbRepository - Entering findByEventId with eventId=1
2026-05-06 10:07:36 INFO  ro.mpp2026.repository.db.JdbcUtils - Getting database connection
2026-05-06 10:07:36 INFO  ro.mpp2026.repository.db.JdbcUtils - Database connection established successfully
2026-05-06 10:07:36 INFO  ro.mpp2026.repository.db.RegistrationDbRepository - findByEventId completed, 2 registrations found
2026-05-06 10:07:36 INFO  ro.mpp2026.repository.db.RegistrationDbRepository - Entering findByEventId with eventId=2
2026-05-06 10:07:36 INFO  ro.mpp2026.repository.db.JdbcUtils - Getting database connection
2026-05-06 10:07:36 INFO  ro.mpp2026.repository.db.JdbcUtils - Database connection established successfully
2026-05-06 10:07:36 INFO  ro.mpp2026.repository.db.RegistrationDbRepository - findByEventId completed, 1 registrations found
2026-05-06 10:07:36 INFO  ro.mpp2026.repository.db.RegistrationDbRepository - Entering findByEventId with eventId=3
2026-05-06 10:07:36 INFO  ro.mpp2026.repository.db.JdbcUtils - Getting database connection
2026-05-06 10:07:36 INFO  ro.mpp2026.repository.db.JdbcUtils - Database connection established successfully
2026-05-06 10:07:36 INFO  ro.mpp2026.repository.db.RegistrationDbRepository - findByEventId completed, 1 registrations found
2026-05-06 10:07:36 INFO  ro.mpp2026.repository.db.RegistrationDbRepository - Entering findByEventId with eventId=4
2026-05-06 10:07:36 INFO  ro.mpp2026.repository.db.JdbcUtils - Getting database connection
2026-05-06 10:07:36 INFO  ro.mpp2026.repository.db.JdbcUtils - Database connection established successfully
2026-05-06 10:07:36 INFO  ro.mpp2026.repository.db.RegistrationDbRepository - findByEventId completed, 3 registrations found
2026-05-06 10:07:36 INFO  ro.mpp2026.repository.db.RegistrationDbRepository - Entering findByEventId with eventId=5
2026-05-06 10:07:36 INFO  ro.mpp2026.repository.db.JdbcUtils - Getting database connection
2026-05-06 10:07:36 INFO  ro.mpp2026.repository.db.JdbcUtils - Database connection established successfully
2026-05-06 10:07:36 INFO  ro.mpp2026.repository.db.RegistrationDbRepository - findByEventId completed, 1 registrations found
2026-05-06 10:07:36 INFO  ro.mpp2026.repository.db.RegistrationDbRepository - Entering findByEventId with eventId=6
2026-05-06 10:07:36 INFO  ro.mpp2026.repository.db.JdbcUtils - Getting database connection
2026-05-06 10:07:36 INFO  ro.mpp2026.repository.db.JdbcUtils - Database connection established successfully
2026-05-06 10:07:36 INFO  ro.mpp2026.repository.db.RegistrationDbRepository - findByEventId completed, 4 registrations found
2026-05-06 10:07:36 INFO  ro.mpp2026.repository.db.RegistrationDbRepository - Entering findByEventId with eventId=7
2026-05-06 10:07:36 INFO  ro.mpp2026.repository.db.JdbcUtils - Getting database connection
2026-05-06 10:07:36 INFO  ro.mpp2026.repository.db.JdbcUtils - Database connection established successfully
2026-05-06 10:07:36 INFO  ro.mpp2026.repository.db.RegistrationDbRepository - findByEventId completed, 4 registrations found
2026-05-06 10:07:36 INFO  ro.mpp2026.repository.db.RegistrationDbRepository - Entering findByEventId with eventId=8
2026-05-06 10:07:36 INFO  ro.mpp2026.repository.db.JdbcUtils - Getting database connection
2026-05-06 10:07:36 INFO  ro.mpp2026.repository.db.JdbcUtils - Database connection established successfully
2026-05-06 10:07:36 INFO  ro.mpp2026.repository.db.RegistrationDbRepository - findByEventId completed, 2 registrations found
2026-05-06 10:07:40 INFO  ro.mpp2026.repository.db.RegistrationDbRepository - Entering findByEventId with eventId=1
2026-05-06 10:07:40 INFO  ro.mpp2026.repository.db.JdbcUtils - Getting database connection
2026-05-06 10:07:40 INFO  ro.mpp2026.repository.db.JdbcUtils - Database connection established successfully
2026-05-06 10:07:40 INFO  ro.mpp2026.repository.db.RegistrationDbRepository - findByEventId completed, 2 registrations found
2026-05-06 10:07:40 INFO  ro.mpp2026.repository.db.ChildDbRepository - Entering findById with id=1
2026-05-06 10:07:40 INFO  ro.mpp2026.repository.db.JdbcUtils - Getting database connection
2026-05-06 10:07:40 INFO  ro.mpp2026.repository.db.JdbcUtils - Database connection established successfully
2026-05-06 10:07:40 INFO  ro.mpp2026.repository.db.ChildDbRepository - Child found with id=1: Child{id=1, name='Ana Pop', cnp='1234567890123', age=7}
2026-05-06 10:07:40 INFO  ro.mpp2026.repository.db.RegistrationDbRepository - Entering findByChildId with childId=1
2026-05-06 10:07:40 INFO  ro.mpp2026.repository.db.JdbcUtils - Getting database connection
2026-05-06 10:07:40 INFO  ro.mpp2026.repository.db.JdbcUtils - Database connection established successfully
2026-05-06 10:07:40 INFO  ro.mpp2026.repository.db.RegistrationDbRepository - findByChildId completed, 2 registrations found
2026-05-06 10:07:40 INFO  ro.mpp2026.repository.db.EventDbRepository - Entering findById with id=1
2026-05-06 10:07:40 INFO  ro.mpp2026.repository.db.JdbcUtils - Getting database connection
2026-05-06 10:07:40 INFO  ro.mpp2026.repository.db.JdbcUtils - Database connection established successfully
2026-05-06 10:07:40 INFO  ro.mpp2026.repository.db.EventDbRepository - Event found with id=1: Event{id=1, name='50m', distance=50, minAge=6, maxAge=8}
2026-05-06 10:07:40 INFO  ro.mpp2026.repository.db.EventDbRepository - Entering findById with id=2
2026-05-06 10:07:40 INFO  ro.mpp2026.repository.db.JdbcUtils - Getting database connection
2026-05-06 10:07:40 INFO  ro.mpp2026.repository.db.JdbcUtils - Database connection established successfully
2026-05-06 10:07:40 INFO  ro.mpp2026.repository.db.EventDbRepository - Event found with id=2: Event{id=2, name='100m', distance=100, minAge=6, maxAge=8}
2026-05-06 10:07:40 INFO  ro.mpp2026.repository.db.ChildDbRepository - Entering findById with id=2
2026-05-06 10:07:40 INFO  ro.mpp2026.repository.db.JdbcUtils - Getting database connection
2026-05-06 10:07:40 INFO  ro.mpp2026.repository.db.JdbcUtils - Database connection established successfully
2026-05-06 10:07:40 INFO  ro.mpp2026.repository.db.ChildDbRepository - Child found with id=2: Child{id=2, name='Matei Ionescu', cnp='1234567890124', age=8}
2026-05-06 10:07:40 INFO  ro.mpp2026.repository.db.RegistrationDbRepository - Entering findByChildId with childId=2
2026-05-06 10:07:40 INFO  ro.mpp2026.repository.db.JdbcUtils - Getting database connection
2026-05-06 10:07:40 INFO  ro.mpp2026.repository.db.JdbcUtils - Database connection established successfully
2026-05-06 10:07:40 INFO  ro.mpp2026.repository.db.RegistrationDbRepository - findByChildId completed, 1 registrations found
2026-05-06 10:07:40 INFO  ro.mpp2026.repository.db.EventDbRepository - Entering findById with id=1
2026-05-06 10:07:40 INFO  ro.mpp2026.repository.db.JdbcUtils - Getting database connection
2026-05-06 10:07:40 INFO  ro.mpp2026.repository.db.JdbcUtils - Database connection established successfully
2026-05-06 10:07:40 INFO  ro.mpp2026.repository.db.EventDbRepository - Event found with id=1: Event{id=1, name='50m', distance=50, minAge=6, maxAge=8}
2026-05-06 10:07:42 INFO  ro.mpp2026.repository.db.RegistrationDbRepository - Entering findByEventId with eventId=2
2026-05-06 10:07:42 INFO  ro.mpp2026.repository.db.JdbcUtils - Getting database connection
2026-05-06 10:07:42 INFO  ro.mpp2026.repository.db.JdbcUtils - Database connection established successfully
2026-05-06 10:07:42 INFO  ro.mpp2026.repository.db.RegistrationDbRepository - findByEventId completed, 1 registrations found
2026-05-06 10:07:42 INFO  ro.mpp2026.repository.db.ChildDbRepository - Entering findById with id=1
2026-05-06 10:07:42 INFO  ro.mpp2026.repository.db.JdbcUtils - Getting database connection
2026-05-06 10:07:42 INFO  ro.mpp2026.repository.db.JdbcUtils - Database connection established successfully
2026-05-06 10:07:42 INFO  ro.mpp2026.repository.db.ChildDbRepository - Child found with id=1: Child{id=1, name='Ana Pop', cnp='1234567890123', age=7}
2026-05-06 10:07:42 INFO  ro.mpp2026.repository.db.RegistrationDbRepository - Entering findByChildId with childId=1
2026-05-06 10:07:42 INFO  ro.mpp2026.repository.db.JdbcUtils - Getting database connection
2026-05-06 10:07:42 INFO  ro.mpp2026.repository.db.JdbcUtils - Database connection established successfully
2026-05-06 10:07:42 INFO  ro.mpp2026.repository.db.RegistrationDbRepository - findByChildId completed, 2 registrations found
2026-05-06 10:07:42 INFO  ro.mpp2026.repository.db.EventDbRepository - Entering findById with id=1
2026-05-06 10:07:42 INFO  ro.mpp2026.repository.db.JdbcUtils - Getting database connection
2026-05-06 10:07:42 INFO  ro.mpp2026.repository.db.JdbcUtils - Database connection established successfully
2026-05-06 10:07:42 INFO  ro.mpp2026.repository.db.EventDbRepository - Event found with id=1: Event{id=1, name='50m', distance=50, minAge=6, maxAge=8}
2026-05-06 10:07:42 INFO  ro.mpp2026.repository.db.EventDbRepository - Entering findById with id=2
2026-05-06 10:07:42 INFO  ro.mpp2026.repository.db.JdbcUtils - Getting database connection
2026-05-06 10:07:42 INFO  ro.mpp2026.repository.db.JdbcUtils - Database connection established successfully
2026-05-06 10:07:42 INFO  ro.mpp2026.repository.db.EventDbRepository - Event found with id=2: Event{id=2, name='100m', distance=100, minAge=6, maxAge=8}
2026-05-06 10:07:43 INFO  ro.mpp2026.repository.db.RegistrationDbRepository - Entering findByEventId with eventId=2
2026-05-06 10:07:43 INFO  ro.mpp2026.repository.db.JdbcUtils - Getting database connection
2026-05-06 10:07:43 INFO  ro.mpp2026.repository.db.JdbcUtils - Database connection established successfully
2026-05-06 10:07:43 INFO  ro.mpp2026.repository.db.RegistrationDbRepository - findByEventId completed, 1 registrations found
2026-05-06 10:07:43 INFO  ro.mpp2026.repository.db.ChildDbRepository - Entering findById with id=1
2026-05-06 10:07:43 INFO  ro.mpp2026.repository.db.JdbcUtils - Getting database connection
2026-05-06 10:07:43 INFO  ro.mpp2026.repository.db.JdbcUtils - Database connection established successfully
2026-05-06 10:07:43 INFO  ro.mpp2026.repository.db.ChildDbRepository - Child found with id=1: Child{id=1, name='Ana Pop', cnp='1234567890123', age=7}
2026-05-06 10:07:43 INFO  ro.mpp2026.repository.db.RegistrationDbRepository - Entering findByChildId with childId=1
2026-05-06 10:07:43 INFO  ro.mpp2026.repository.db.JdbcUtils - Getting database connection
2026-05-06 10:07:43 INFO  ro.mpp2026.repository.db.JdbcUtils - Database connection established successfully
2026-05-06 10:07:43 INFO  ro.mpp2026.repository.db.RegistrationDbRepository - findByChildId completed, 2 registrations found
2026-05-06 10:07:43 INFO  ro.mpp2026.repository.db.EventDbRepository - Entering findById with id=1
2026-05-06 10:07:43 INFO  ro.mpp2026.repository.db.JdbcUtils - Getting database connection
2026-05-06 10:07:43 INFO  ro.mpp2026.repository.db.JdbcUtils - Database connection established successfully
2026-05-06 10:07:43 INFO  ro.mpp2026.repository.db.EventDbRepository - Event found with id=1: Event{id=1, name='50m', distance=50, minAge=6, maxAge=8}
2026-05-06 10:07:43 INFO  ro.mpp2026.repository.db.EventDbRepository - Entering findById with id=2
2026-05-06 10:07:43 INFO  ro.mpp2026.repository.db.JdbcUtils - Getting database connection
2026-05-06 10:07:43 INFO  ro.mpp2026.repository.db.JdbcUtils - Database connection established successfully
2026-05-06 10:07:43 INFO  ro.mpp2026.repository.db.EventDbRepository - Event found with id=2: Event{id=2, name='100m', distance=100, minAge=6, maxAge=8}
2026-05-06 10:08:25 INFO  ro.mpp2026.repository.db.ChildDbRepository - Entering findByCnp with cnp=2050730170024
2026-05-06 10:08:25 INFO  ro.mpp2026.repository.db.JdbcUtils - Getting database connection
2026-05-06 10:08:25 INFO  ro.mpp2026.repository.db.JdbcUtils - Database connection established successfully
2026-05-06 10:08:25 INFO  ro.mpp2026.repository.db.ChildDbRepository - No child found with cnp=2050730170024
2026-05-06 10:08:25 INFO  ro.mpp2026.repository.db.ChildDbRepository - Entering save with child=Child{id=0, name='Mihalcea Sebastian', cnp='2050730170024', age=7}
2026-05-06 10:08:25 INFO  ro.mpp2026.repository.db.JdbcUtils - Getting database connection
2026-05-06 10:08:25 INFO  ro.mpp2026.repository.db.JdbcUtils - Database connection established successfully
2026-05-06 10:08:25 INFO  ro.mpp2026.repository.db.ChildDbRepository - Child saved successfully, affected rows=1
2026-05-06 10:08:25 INFO  ro.mpp2026.repository.db.ChildDbRepository - Entering findByCnp with cnp=2050730170024
2026-05-06 10:08:25 INFO  ro.mpp2026.repository.db.JdbcUtils - Getting database connection
2026-05-06 10:08:25 INFO  ro.mpp2026.repository.db.JdbcUtils - Database connection established successfully
2026-05-06 10:08:25 INFO  ro.mpp2026.repository.db.ChildDbRepository - Child found with cnp=2050730170024: Child{id=13, name='Mihalcea Sebastian', cnp='2050730170024', age=7}
2026-05-06 10:08:25 INFO  ro.mpp2026.repository.db.RegistrationDbRepository - Entering findByChildId with childId=13
2026-05-06 10:08:25 INFO  ro.mpp2026.repository.db.JdbcUtils - Getting database connection
2026-05-06 10:08:25 INFO  ro.mpp2026.repository.db.JdbcUtils - Database connection established successfully
2026-05-06 10:08:25 INFO  ro.mpp2026.repository.db.RegistrationDbRepository - findByChildId completed, 0 registrations found
2026-05-06 10:08:25 INFO  ro.mpp2026.repository.db.EventDbRepository - Entering findById with id=2
2026-05-06 10:08:25 INFO  ro.mpp2026.repository.db.JdbcUtils - Getting database connection
2026-05-06 10:08:25 INFO  ro.mpp2026.repository.db.JdbcUtils - Database connection established successfully
2026-05-06 10:08:25 INFO  ro.mpp2026.repository.db.EventDbRepository - Event found with id=2: Event{id=2, name='100m', distance=100, minAge=6, maxAge=8}
2026-05-06 10:08:25 INFO  ro.mpp2026.repository.db.RegistrationDbRepository - Entering save with registration=Registration{id=0, childId=13, eventId=2}
2026-05-06 10:08:25 INFO  ro.mpp2026.repository.db.JdbcUtils - Getting database connection
2026-05-06 10:08:25 INFO  ro.mpp2026.repository.db.JdbcUtils - Database connection established successfully
2026-05-06 10:08:25 INFO  ro.mpp2026.repository.db.RegistrationDbRepository - Registration saved successfully, affected rows=1
2026-05-06 10:08:25 INFO  ro.mpp2026.repository.db.EventDbRepository - Entering findAll
2026-05-06 10:08:25 INFO  ro.mpp2026.repository.db.JdbcUtils - Getting database connection
2026-05-06 10:08:25 INFO  ro.mpp2026.repository.db.JdbcUtils - Database connection established successfully
2026-05-06 10:08:25 INFO  ro.mpp2026.repository.db.EventDbRepository - findAll completed, 8 events loaded
2026-05-06 10:08:25 INFO  ro.mpp2026.repository.db.RegistrationDbRepository - Entering findByEventId with eventId=1
2026-05-06 10:08:25 INFO  ro.mpp2026.repository.db.JdbcUtils - Getting database connection
2026-05-06 10:08:25 INFO  ro.mpp2026.repository.db.JdbcUtils - Database connection established successfully
2026-05-06 10:08:25 INFO  ro.mpp2026.repository.db.RegistrationDbRepository - findByEventId completed, 2 registrations found
2026-05-06 10:08:25 INFO  ro.mpp2026.repository.db.RegistrationDbRepository - Entering findByEventId with eventId=2
2026-05-06 10:08:25 INFO  ro.mpp2026.repository.db.JdbcUtils - Getting database connection
2026-05-06 10:08:25 INFO  ro.mpp2026.repository.db.JdbcUtils - Database connection established successfully
2026-05-06 10:08:25 INFO  ro.mpp2026.repository.db.RegistrationDbRepository - findByEventId completed, 2 registrations found
2026-05-06 10:08:25 INFO  ro.mpp2026.repository.db.RegistrationDbRepository - Entering findByEventId with eventId=3
2026-05-06 10:08:25 INFO  ro.mpp2026.repository.db.JdbcUtils - Getting database connection
2026-05-06 10:08:25 INFO  ro.mpp2026.repository.db.JdbcUtils - Database connection established successfully
2026-05-06 10:08:25 INFO  ro.mpp2026.repository.db.RegistrationDbRepository - findByEventId completed, 1 registrations found
2026-05-06 10:08:25 INFO  ro.mpp2026.repository.db.RegistrationDbRepository - Entering findByEventId with eventId=4
2026-05-06 10:08:25 INFO  ro.mpp2026.repository.db.JdbcUtils - Getting database connection
2026-05-06 10:08:25 INFO  ro.mpp2026.repository.db.JdbcUtils - Database connection established successfully
2026-05-06 10:08:25 INFO  ro.mpp2026.repository.db.RegistrationDbRepository - findByEventId completed, 3 registrations found
2026-05-06 10:08:25 INFO  ro.mpp2026.repository.db.RegistrationDbRepository - Entering findByEventId with eventId=5
2026-05-06 10:08:25 INFO  ro.mpp2026.repository.db.JdbcUtils - Getting database connection
2026-05-06 10:08:25 INFO  ro.mpp2026.repository.db.JdbcUtils - Database connection established successfully
2026-05-06 10:08:25 INFO  ro.mpp2026.repository.db.RegistrationDbRepository - findByEventId completed, 1 registrations found
2026-05-06 10:08:25 INFO  ro.mpp2026.repository.db.RegistrationDbRepository - Entering findByEventId with eventId=6
2026-05-06 10:08:25 INFO  ro.mpp2026.repository.db.JdbcUtils - Getting database connection
2026-05-06 10:08:25 INFO  ro.mpp2026.repository.db.JdbcUtils - Database connection established successfully
2026-05-06 10:08:25 INFO  ro.mpp2026.repository.db.RegistrationDbRepository - findByEventId completed, 4 registrations found
2026-05-06 10:08:25 INFO  ro.mpp2026.repository.db.RegistrationDbRepository - Entering findByEventId with eventId=7
2026-05-06 10:08:25 INFO  ro.mpp2026.repository.db.JdbcUtils - Getting database connection
2026-05-06 10:08:25 INFO  ro.mpp2026.repository.db.JdbcUtils - Database connection established successfully
2026-05-06 10:08:25 INFO  ro.mpp2026.repository.db.RegistrationDbRepository - findByEventId completed, 4 registrations found
2026-05-06 10:08:25 INFO  ro.mpp2026.repository.db.RegistrationDbRepository - Entering findByEventId with eventId=8
2026-05-06 10:08:25 INFO  ro.mpp2026.repository.db.JdbcUtils - Getting database connection
2026-05-06 10:08:25 INFO  ro.mpp2026.repository.db.JdbcUtils - Database connection established successfully
2026-05-06 10:08:25 INFO  ro.mpp2026.repository.db.RegistrationDbRepository - findByEventId completed, 2 registrations found
2026-05-06 10:08:25 INFO  ro.mpp2026.repository.db.EventDbRepository - Entering findAll
2026-05-06 10:08:25 INFO  ro.mpp2026.repository.db.JdbcUtils - Getting database connection
2026-05-06 10:08:25 INFO  ro.mpp2026.repository.db.JdbcUtils - Database connection established successfully
2026-05-06 10:08:25 INFO  ro.mpp2026.repository.db.EventDbRepository - findAll completed, 8 events loaded
2026-05-06 10:08:25 INFO  ro.mpp2026.repository.db.RegistrationDbRepository - Entering findByEventId with eventId=1
2026-05-06 10:08:25 INFO  ro.mpp2026.repository.db.JdbcUtils - Getting database connection
2026-05-06 10:08:25 INFO  ro.mpp2026.repository.db.JdbcUtils - Database connection established successfully
2026-05-06 10:08:25 INFO  ro.mpp2026.repository.db.RegistrationDbRepository - findByEventId completed, 2 registrations found
2026-05-06 10:08:25 INFO  ro.mpp2026.repository.db.RegistrationDbRepository - Entering findByEventId with eventId=2
2026-05-06 10:08:25 INFO  ro.mpp2026.repository.db.JdbcUtils - Getting database connection
2026-05-06 10:08:25 INFO  ro.mpp2026.repository.db.JdbcUtils - Database connection established successfully
2026-05-06 10:08:25 INFO  ro.mpp2026.repository.db.RegistrationDbRepository - findByEventId completed, 2 registrations found
2026-05-06 10:08:25 INFO  ro.mpp2026.repository.db.RegistrationDbRepository - Entering findByEventId with eventId=3
2026-05-06 10:08:25 INFO  ro.mpp2026.repository.db.JdbcUtils - Getting database connection
2026-05-06 10:08:25 INFO  ro.mpp2026.repository.db.JdbcUtils - Database connection established successfully
2026-05-06 10:08:25 INFO  ro.mpp2026.repository.db.RegistrationDbRepository - findByEventId completed, 1 registrations found
2026-05-06 10:08:25 INFO  ro.mpp2026.repository.db.RegistrationDbRepository - Entering findByEventId with eventId=4
2026-05-06 10:08:25 INFO  ro.mpp2026.repository.db.JdbcUtils - Getting database connection
2026-05-06 10:08:25 INFO  ro.mpp2026.repository.db.JdbcUtils - Database connection established successfully
2026-05-06 10:08:25 INFO  ro.mpp2026.repository.db.RegistrationDbRepository - findByEventId completed, 3 registrations found
2026-05-06 10:08:25 INFO  ro.mpp2026.repository.db.RegistrationDbRepository - Entering findByEventId with eventId=5
2026-05-06 10:08:25 INFO  ro.mpp2026.repository.db.JdbcUtils - Getting database connection
2026-05-06 10:08:25 INFO  ro.mpp2026.repository.db.JdbcUtils - Database connection established successfully
2026-05-06 10:08:25 INFO  ro.mpp2026.repository.db.RegistrationDbRepository - findByEventId completed, 1 registrations found
2026-05-06 10:08:25 INFO  ro.mpp2026.repository.db.RegistrationDbRepository - Entering findByEventId with eventId=6
2026-05-06 10:08:25 INFO  ro.mpp2026.repository.db.JdbcUtils - Getting database connection
2026-05-06 10:08:25 INFO  ro.mpp2026.repository.db.JdbcUtils - Database connection established successfully
2026-05-06 10:08:25 INFO  ro.mpp2026.repository.db.RegistrationDbRepository - findByEventId completed, 4 registrations found
2026-05-06 10:08:25 INFO  ro.mpp2026.repository.db.RegistrationDbRepository - Entering findByEventId with eventId=7
2026-05-06 10:08:25 INFO  ro.mpp2026.repository.db.JdbcUtils - Getting database connection
2026-05-06 10:08:25 INFO  ro.mpp2026.repository.db.JdbcUtils - Database connection established successfully
2026-05-06 10:08:25 INFO  ro.mpp2026.repository.db.RegistrationDbRepository - findByEventId completed, 4 registrations found
2026-05-06 10:08:25 INFO  ro.mpp2026.repository.db.RegistrationDbRepository - Entering findByEventId with eventId=8
2026-05-06 10:08:25 INFO  ro.mpp2026.repository.db.JdbcUtils - Getting database connection
2026-05-06 10:08:25 INFO  ro.mpp2026.repository.db.JdbcUtils - Database connection established successfully
2026-05-06 10:08:25 INFO  ro.mpp2026.repository.db.RegistrationDbRepository - findByEventId completed, 2 registrations found
2026-05-06 10:08:25 INFO  ro.mpp2026.repository.db.EventDbRepository - Entering findAll
2026-05-06 10:08:25 INFO  ro.mpp2026.repository.db.JdbcUtils - Getting database connection
2026-05-06 10:08:25 INFO  ro.mpp2026.repository.db.JdbcUtils - Database connection established successfully
2026-05-06 10:08:25 INFO  ro.mpp2026.repository.db.EventDbRepository - findAll completed, 8 events loaded
2026-05-06 10:08:25 INFO  ro.mpp2026.repository.db.RegistrationDbRepository - Entering findByEventId with eventId=1
2026-05-06 10:08:25 INFO  ro.mpp2026.repository.db.JdbcUtils - Getting database connection
2026-05-06 10:08:25 INFO  ro.mpp2026.repository.db.JdbcUtils - Database connection established successfully
2026-05-06 10:08:25 INFO  ro.mpp2026.repository.db.RegistrationDbRepository - findByEventId completed, 2 registrations found
2026-05-06 10:08:25 INFO  ro.mpp2026.repository.db.RegistrationDbRepository - Entering findByEventId with eventId=2
2026-05-06 10:08:25 INFO  ro.mpp2026.repository.db.JdbcUtils - Getting database connection
2026-05-06 10:08:25 INFO  ro.mpp2026.repository.db.JdbcUtils - Database connection established successfully
2026-05-06 10:08:25 INFO  ro.mpp2026.repository.db.RegistrationDbRepository - findByEventId completed, 2 registrations found
2026-05-06 10:08:25 INFO  ro.mpp2026.repository.db.RegistrationDbRepository - Entering findByEventId with eventId=3
2026-05-06 10:08:25 INFO  ro.mpp2026.repository.db.JdbcUtils - Getting database connection
2026-05-06 10:08:25 INFO  ro.mpp2026.repository.db.JdbcUtils - Database connection established successfully
2026-05-06 10:08:25 INFO  ro.mpp2026.repository.db.RegistrationDbRepository - findByEventId completed, 1 registrations found
2026-05-06 10:08:25 INFO  ro.mpp2026.repository.db.RegistrationDbRepository - Entering findByEventId with eventId=4
2026-05-06 10:08:25 INFO  ro.mpp2026.repository.db.JdbcUtils - Getting database connection
2026-05-06 10:08:25 INFO  ro.mpp2026.repository.db.JdbcUtils - Database connection established successfully
2026-05-06 10:08:25 INFO  ro.mpp2026.repository.db.RegistrationDbRepository - findByEventId completed, 3 registrations found
2026-05-06 10:08:25 INFO  ro.mpp2026.repository.db.RegistrationDbRepository - Entering findByEventId with eventId=5
2026-05-06 10:08:25 INFO  ro.mpp2026.repository.db.JdbcUtils - Getting database connection
2026-05-06 10:08:25 INFO  ro.mpp2026.repository.db.JdbcUtils - Database connection established successfully
2026-05-06 10:08:25 INFO  ro.mpp2026.repository.db.RegistrationDbRepository - findByEventId completed, 1 registrations found
2026-05-06 10:08:25 INFO  ro.mpp2026.repository.db.RegistrationDbRepository - Entering findByEventId with eventId=6
2026-05-06 10:08:25 INFO  ro.mpp2026.repository.db.JdbcUtils - Getting database connection
2026-05-06 10:08:25 INFO  ro.mpp2026.repository.db.JdbcUtils - Database connection established successfully
2026-05-06 10:08:25 INFO  ro.mpp2026.repository.db.RegistrationDbRepository - findByEventId completed, 4 registrations found
2026-05-06 10:08:25 INFO  ro.mpp2026.repository.db.RegistrationDbRepository - Entering findByEventId with eventId=7
2026-05-06 10:08:25 INFO  ro.mpp2026.repository.db.JdbcUtils - Getting database connection
2026-05-06 10:08:25 INFO  ro.mpp2026.repository.db.JdbcUtils - Database connection established successfully
2026-05-06 10:08:25 INFO  ro.mpp2026.repository.db.RegistrationDbRepository - findByEventId completed, 4 registrations found
2026-05-06 10:08:25 INFO  ro.mpp2026.repository.db.RegistrationDbRepository - Entering findByEventId with eventId=8
2026-05-06 10:08:25 INFO  ro.mpp2026.repository.db.JdbcUtils - Getting database connection
2026-05-06 10:08:25 INFO  ro.mpp2026.repository.db.JdbcUtils - Database connection established successfully
2026-05-06 10:08:25 INFO  ro.mpp2026.repository.db.RegistrationDbRepository - findByEventId completed, 2 registrations found
2026-05-06 10:08:25 INFO  ro.mpp2026.repository.db.RegistrationDbRepository - Entering findByEventId with eventId=2
2026-05-06 10:08:25 INFO  ro.mpp2026.repository.db.JdbcUtils - Getting database connection
2026-05-06 10:08:25 INFO  ro.mpp2026.repository.db.JdbcUtils - Database connection established successfully
2026-05-06 10:08:25 INFO  ro.mpp2026.repository.db.RegistrationDbRepository - findByEventId completed, 2 registrations found
2026-05-06 10:08:25 INFO  ro.mpp2026.repository.db.ChildDbRepository - Entering findById with id=1
2026-05-06 10:08:25 INFO  ro.mpp2026.repository.db.JdbcUtils - Getting database connection
2026-05-06 10:08:25 INFO  ro.mpp2026.repository.db.JdbcUtils - Database connection established successfully
2026-05-06 10:08:25 INFO  ro.mpp2026.repository.db.ChildDbRepository - Child found with id=1: Child{id=1, name='Ana Pop', cnp='1234567890123', age=7}
2026-05-06 10:08:25 INFO  ro.mpp2026.repository.db.RegistrationDbRepository - Entering findByChildId with childId=1
2026-05-06 10:08:25 INFO  ro.mpp2026.repository.db.JdbcUtils - Getting database connection
2026-05-06 10:08:25 INFO  ro.mpp2026.repository.db.JdbcUtils - Database connection established successfully
2026-05-06 10:08:25 INFO  ro.mpp2026.repository.db.RegistrationDbRepository - findByChildId completed, 2 registrations found
2026-05-06 10:08:25 INFO  ro.mpp2026.repository.db.EventDbRepository - Entering findById with id=1
2026-05-06 10:08:25 INFO  ro.mpp2026.repository.db.JdbcUtils - Getting database connection
2026-05-06 10:08:25 INFO  ro.mpp2026.repository.db.JdbcUtils - Database connection established successfully
2026-05-06 10:08:25 INFO  ro.mpp2026.repository.db.EventDbRepository - Event found with id=1: Event{id=1, name='50m', distance=50, minAge=6, maxAge=8}
2026-05-06 10:08:25 INFO  ro.mpp2026.repository.db.EventDbRepository - Entering findById with id=2
2026-05-06 10:08:25 INFO  ro.mpp2026.repository.db.JdbcUtils - Getting database connection
2026-05-06 10:08:25 INFO  ro.mpp2026.repository.db.JdbcUtils - Database connection established successfully
2026-05-06 10:08:25 INFO  ro.mpp2026.repository.db.EventDbRepository - Event found with id=2: Event{id=2, name='100m', distance=100, minAge=6, maxAge=8}
2026-05-06 10:08:25 INFO  ro.mpp2026.repository.db.ChildDbRepository - Entering findById with id=13
2026-05-06 10:08:25 INFO  ro.mpp2026.repository.db.JdbcUtils - Getting database connection
2026-05-06 10:08:25 INFO  ro.mpp2026.repository.db.JdbcUtils - Database connection established successfully
2026-05-06 10:08:25 INFO  ro.mpp2026.repository.db.ChildDbRepository - Child found with id=13: Child{id=13, name='Mihalcea Sebastian', cnp='2050730170024', age=7}
2026-05-06 10:08:25 INFO  ro.mpp2026.repository.db.RegistrationDbRepository - Entering findByChildId with childId=13
2026-05-06 10:08:25 INFO  ro.mpp2026.repository.db.JdbcUtils - Getting database connection
2026-05-06 10:08:25 INFO  ro.mpp2026.repository.db.JdbcUtils - Database connection established successfully
2026-05-06 10:08:25 INFO  ro.mpp2026.repository.db.RegistrationDbRepository - findByChildId completed, 1 registrations found
2026-05-06 10:08:25 INFO  ro.mpp2026.repository.db.EventDbRepository - Entering findById with id=2
2026-05-06 10:08:25 INFO  ro.mpp2026.repository.db.JdbcUtils - Getting database connection
2026-05-06 10:08:25 INFO  ro.mpp2026.repository.db.JdbcUtils - Database connection established successfully
2026-05-06 10:08:25 INFO  ro.mpp2026.repository.db.EventDbRepository - Event found with id=2: Event{id=2, name='100m', distance=100, minAge=6, maxAge=8}
2026-05-06 10:08:25 INFO  ro.mpp2026.repository.db.EventDbRepository - Entering findAll
2026-05-06 10:08:25 INFO  ro.mpp2026.repository.db.JdbcUtils - Getting database connection
2026-05-06 10:08:25 INFO  ro.mpp2026.repository.db.JdbcUtils - Database connection established successfully
2026-05-06 10:08:25 INFO  ro.mpp2026.repository.db.EventDbRepository - findAll completed, 8 events loaded
2026-05-06 10:08:25 INFO  ro.mpp2026.repository.db.RegistrationDbRepository - Entering findByEventId with eventId=1
2026-05-06 10:08:25 INFO  ro.mpp2026.repository.db.JdbcUtils - Getting database connection
2026-05-06 10:08:25 INFO  ro.mpp2026.repository.db.JdbcUtils - Database connection established successfully
2026-05-06 10:08:25 INFO  ro.mpp2026.repository.db.RegistrationDbRepository - findByEventId completed, 2 registrations found
2026-05-06 10:08:25 INFO  ro.mpp2026.repository.db.RegistrationDbRepository - Entering findByEventId with eventId=2
2026-05-06 10:08:25 INFO  ro.mpp2026.repository.db.JdbcUtils - Getting database connection
2026-05-06 10:08:25 INFO  ro.mpp2026.repository.db.JdbcUtils - Database connection established successfully
2026-05-06 10:08:25 INFO  ro.mpp2026.repository.db.RegistrationDbRepository - findByEventId completed, 2 registrations found
2026-05-06 10:08:25 INFO  ro.mpp2026.repository.db.RegistrationDbRepository - Entering findByEventId with eventId=3
2026-05-06 10:08:25 INFO  ro.mpp2026.repository.db.JdbcUtils - Getting database connection
2026-05-06 10:08:25 INFO  ro.mpp2026.repository.db.JdbcUtils - Database connection established successfully
2026-05-06 10:08:25 INFO  ro.mpp2026.repository.db.RegistrationDbRepository - findByEventId completed, 1 registrations found
2026-05-06 10:08:25 INFO  ro.mpp2026.repository.db.RegistrationDbRepository - Entering findByEventId with eventId=4
2026-05-06 10:08:25 INFO  ro.mpp2026.repository.db.JdbcUtils - Getting database connection
2026-05-06 10:08:25 INFO  ro.mpp2026.repository.db.JdbcUtils - Database connection established successfully
2026-05-06 10:08:25 INFO  ro.mpp2026.repository.db.RegistrationDbRepository - findByEventId completed, 3 registrations found
2026-05-06 10:08:25 INFO  ro.mpp2026.repository.db.RegistrationDbRepository - Entering findByEventId with eventId=5
2026-05-06 10:08:25 INFO  ro.mpp2026.repository.db.JdbcUtils - Getting database connection
2026-05-06 10:08:25 INFO  ro.mpp2026.repository.db.JdbcUtils - Database connection established successfully
2026-05-06 10:08:25 INFO  ro.mpp2026.repository.db.RegistrationDbRepository - findByEventId completed, 1 registrations found
2026-05-06 10:08:25 INFO  ro.mpp2026.repository.db.RegistrationDbRepository - Entering findByEventId with eventId=6
2026-05-06 10:08:25 INFO  ro.mpp2026.repository.db.JdbcUtils - Getting database connection
2026-05-06 10:08:25 INFO  ro.mpp2026.repository.db.JdbcUtils - Database connection established successfully
2026-05-06 10:08:25 INFO  ro.mpp2026.repository.db.RegistrationDbRepository - findByEventId completed, 4 registrations found
2026-05-06 10:08:25 INFO  ro.mpp2026.repository.db.RegistrationDbRepository - Entering findByEventId with eventId=7
2026-05-06 10:08:25 INFO  ro.mpp2026.repository.db.JdbcUtils - Getting database connection
2026-05-06 10:08:25 INFO  ro.mpp2026.repository.db.JdbcUtils - Database connection established successfully
2026-05-06 10:08:25 INFO  ro.mpp2026.repository.db.RegistrationDbRepository - findByEventId completed, 4 registrations found
2026-05-06 10:08:25 INFO  ro.mpp2026.repository.db.RegistrationDbRepository - Entering findByEventId with eventId=8
2026-05-06 10:08:25 INFO  ro.mpp2026.repository.db.JdbcUtils - Getting database connection
2026-05-06 10:08:25 INFO  ro.mpp2026.repository.db.JdbcUtils - Database connection established successfully
2026-05-06 10:08:25 INFO  ro.mpp2026.repository.db.RegistrationDbRepository - findByEventId completed, 2 registrations found
2026-05-06 10:08:25 INFO  ro.mpp2026.repository.db.RegistrationDbRepository - Entering findByEventId with eventId=2
2026-05-06 10:08:25 INFO  ro.mpp2026.repository.db.JdbcUtils - Getting database connection
2026-05-06 10:08:25 INFO  ro.mpp2026.repository.db.JdbcUtils - Database connection established successfully
2026-05-06 10:08:25 INFO  ro.mpp2026.repository.db.RegistrationDbRepository - findByEventId completed, 2 registrations found
2026-05-06 10:08:25 INFO  ro.mpp2026.repository.db.ChildDbRepository - Entering findById with id=1
2026-05-06 10:08:25 INFO  ro.mpp2026.repository.db.JdbcUtils - Getting database connection
2026-05-06 10:08:25 INFO  ro.mpp2026.repository.db.JdbcUtils - Database connection established successfully
2026-05-06 10:08:25 INFO  ro.mpp2026.repository.db.ChildDbRepository - Child found with id=1: Child{id=1, name='Ana Pop', cnp='1234567890123', age=7}
2026-05-06 10:08:25 INFO  ro.mpp2026.repository.db.RegistrationDbRepository - Entering findByChildId with childId=1
2026-05-06 10:08:25 INFO  ro.mpp2026.repository.db.JdbcUtils - Getting database connection
2026-05-06 10:08:25 INFO  ro.mpp2026.repository.db.JdbcUtils - Database connection established successfully
2026-05-06 10:08:25 INFO  ro.mpp2026.repository.db.RegistrationDbRepository - findByChildId completed, 2 registrations found
2026-05-06 10:08:25 INFO  ro.mpp2026.repository.db.EventDbRepository - Entering findById with id=1
2026-05-06 10:08:25 INFO  ro.mpp2026.repository.db.JdbcUtils - Getting database connection
2026-05-06 10:08:25 INFO  ro.mpp2026.repository.db.JdbcUtils - Database connection established successfully
2026-05-06 10:08:25 INFO  ro.mpp2026.repository.db.EventDbRepository - Event found with id=1: Event{id=1, name='50m', distance=50, minAge=6, maxAge=8}
2026-05-06 10:08:25 INFO  ro.mpp2026.repository.db.EventDbRepository - Entering findById with id=2
2026-05-06 10:08:25 INFO  ro.mpp2026.repository.db.JdbcUtils - Getting database connection
2026-05-06 10:08:25 INFO  ro.mpp2026.repository.db.JdbcUtils - Database connection established successfully
2026-05-06 10:08:25 INFO  ro.mpp2026.repository.db.EventDbRepository - Event found with id=2: Event{id=2, name='100m', distance=100, minAge=6, maxAge=8}
2026-05-06 10:08:25 INFO  ro.mpp2026.repository.db.ChildDbRepository - Entering findById with id=13
2026-05-06 10:08:25 INFO  ro.mpp2026.repository.db.JdbcUtils - Getting database connection
2026-05-06 10:08:25 INFO  ro.mpp2026.repository.db.JdbcUtils - Database connection established successfully
2026-05-06 10:08:25 INFO  ro.mpp2026.repository.db.ChildDbRepository - Child found with id=13: Child{id=13, name='Mihalcea Sebastian', cnp='2050730170024', age=7}
2026-05-06 10:08:25 INFO  ro.mpp2026.repository.db.RegistrationDbRepository - Entering findByChildId with childId=13
2026-05-06 10:08:25 INFO  ro.mpp2026.repository.db.JdbcUtils - Getting database connection
2026-05-06 10:08:25 INFO  ro.mpp2026.repository.db.JdbcUtils - Database connection established successfully
2026-05-06 10:08:25 INFO  ro.mpp2026.repository.db.RegistrationDbRepository - findByChildId completed, 1 registrations found
2026-05-06 10:08:25 INFO  ro.mpp2026.repository.db.EventDbRepository - Entering findById with id=2
2026-05-06 10:08:25 INFO  ro.mpp2026.repository.db.JdbcUtils - Getting database connection
2026-05-06 10:08:25 INFO  ro.mpp2026.repository.db.JdbcUtils - Database connection established successfully
2026-05-06 10:08:25 INFO  ro.mpp2026.repository.db.EventDbRepository - Event found with id=2: Event{id=2, name='100m', distance=100, minAge=6, maxAge=8}
2026-05-06 10:08:25 INFO  ro.mpp2026.repository.db.RegistrationDbRepository - Entering findByEventId with eventId=2
2026-05-06 10:08:25 INFO  ro.mpp2026.repository.db.JdbcUtils - Getting database connection
2026-05-06 10:08:25 INFO  ro.mpp2026.repository.db.JdbcUtils - Database connection established successfully
2026-05-06 10:08:25 INFO  ro.mpp2026.repository.db.RegistrationDbRepository - findByEventId completed, 2 registrations found
2026-05-06 10:08:25 INFO  ro.mpp2026.repository.db.ChildDbRepository - Entering findById with id=1
2026-05-06 10:08:25 INFO  ro.mpp2026.repository.db.JdbcUtils - Getting database connection
2026-05-06 10:08:25 INFO  ro.mpp2026.repository.db.JdbcUtils - Database connection established successfully
2026-05-06 10:08:25 INFO  ro.mpp2026.repository.db.ChildDbRepository - Child found with id=1: Child{id=1, name='Ana Pop', cnp='1234567890123', age=7}
2026-05-06 10:08:25 INFO  ro.mpp2026.repository.db.RegistrationDbRepository - Entering findByChildId with childId=1
2026-05-06 10:08:25 INFO  ro.mpp2026.repository.db.JdbcUtils - Getting database connection
2026-05-06 10:08:25 INFO  ro.mpp2026.repository.db.JdbcUtils - Database connection established successfully
2026-05-06 10:08:25 INFO  ro.mpp2026.repository.db.RegistrationDbRepository - findByChildId completed, 2 registrations found
2026-05-06 10:08:25 INFO  ro.mpp2026.repository.db.EventDbRepository - Entering findById with id=1
2026-05-06 10:08:25 INFO  ro.mpp2026.repository.db.JdbcUtils - Getting database connection
2026-05-06 10:08:25 INFO  ro.mpp2026.repository.db.JdbcUtils - Database connection established successfully
2026-05-06 10:08:25 INFO  ro.mpp2026.repository.db.EventDbRepository - Event found with id=1: Event{id=1, name='50m', distance=50, minAge=6, maxAge=8}
2026-05-06 10:08:25 INFO  ro.mpp2026.repository.db.EventDbRepository - Entering findById with id=2
2026-05-06 10:08:25 INFO  ro.mpp2026.repository.db.JdbcUtils - Getting database connection
2026-05-06 10:08:25 INFO  ro.mpp2026.repository.db.JdbcUtils - Database connection established successfully
2026-05-06 10:08:25 INFO  ro.mpp2026.repository.db.EventDbRepository - Event found with id=2: Event{id=2, name='100m', distance=100, minAge=6, maxAge=8}
2026-05-06 10:08:25 INFO  ro.mpp2026.repository.db.ChildDbRepository - Entering findById with id=13
2026-05-06 10:08:25 INFO  ro.mpp2026.repository.db.JdbcUtils - Getting database connection
2026-05-06 10:08:25 INFO  ro.mpp2026.repository.db.JdbcUtils - Database connection established successfully
2026-05-06 10:08:25 INFO  ro.mpp2026.repository.db.ChildDbRepository - Child found with id=13: Child{id=13, name='Mihalcea Sebastian', cnp='2050730170024', age=7}
2026-05-06 10:08:25 INFO  ro.mpp2026.repository.db.RegistrationDbRepository - Entering findByChildId with childId=13
2026-05-06 10:08:25 INFO  ro.mpp2026.repository.db.JdbcUtils - Getting database connection
2026-05-06 10:08:25 INFO  ro.mpp2026.repository.db.JdbcUtils - Database connection established successfully
2026-05-06 10:08:25 INFO  ro.mpp2026.repository.db.RegistrationDbRepository - findByChildId completed, 1 registrations found
2026-05-06 10:08:25 INFO  ro.mpp2026.repository.db.EventDbRepository - Entering findById with id=2
2026-05-06 10:08:25 INFO  ro.mpp2026.repository.db.JdbcUtils - Getting database connection
2026-05-06 10:08:25 INFO  ro.mpp2026.repository.db.JdbcUtils - Database connection established successfully
2026-05-06 10:08:25 INFO  ro.mpp2026.repository.db.EventDbRepository - Event found with id=2: Event{id=2, name='100m', distance=100, minAge=6, maxAge=8}
2026-05-06 10:08:25 INFO  ro.mpp2026.repository.db.RegistrationDbRepository - Entering findByEventId with eventId=2
2026-05-06 10:08:25 INFO  ro.mpp2026.repository.db.JdbcUtils - Getting database connection
2026-05-06 10:08:25 INFO  ro.mpp2026.repository.db.JdbcUtils - Database connection established successfully
2026-05-06 10:08:25 INFO  ro.mpp2026.repository.db.RegistrationDbRepository - findByEventId completed, 2 registrations found
2026-05-06 10:08:25 INFO  ro.mpp2026.repository.db.ChildDbRepository - Entering findById with id=1
2026-05-06 10:08:25 INFO  ro.mpp2026.repository.db.JdbcUtils - Getting database connection
2026-05-06 10:08:25 INFO  ro.mpp2026.repository.db.JdbcUtils - Database connection established successfully
2026-05-06 10:08:25 INFO  ro.mpp2026.repository.db.ChildDbRepository - Child found with id=1: Child{id=1, name='Ana Pop', cnp='1234567890123', age=7}
2026-05-06 10:08:25 INFO  ro.mpp2026.repository.db.RegistrationDbRepository - Entering findByChildId with childId=1
2026-05-06 10:08:25 INFO  ro.mpp2026.repository.db.JdbcUtils - Getting database connection
2026-05-06 10:08:25 INFO  ro.mpp2026.repository.db.JdbcUtils - Database connection established successfully
2026-05-06 10:08:25 INFO  ro.mpp2026.repository.db.RegistrationDbRepository - findByChildId completed, 2 registrations found
2026-05-06 10:08:25 INFO  ro.mpp2026.repository.db.EventDbRepository - Entering findById with id=1
2026-05-06 10:08:25 INFO  ro.mpp2026.repository.db.JdbcUtils - Getting database connection
2026-05-06 10:08:25 INFO  ro.mpp2026.repository.db.JdbcUtils - Database connection established successfully
2026-05-06 10:08:25 INFO  ro.mpp2026.repository.db.EventDbRepository - Event found with id=1: Event{id=1, name='50m', distance=50, minAge=6, maxAge=8}
2026-05-06 10:08:25 INFO  ro.mpp2026.repository.db.EventDbRepository - Entering findById with id=2
2026-05-06 10:08:25 INFO  ro.mpp2026.repository.db.JdbcUtils - Getting database connection
2026-05-06 10:08:25 INFO  ro.mpp2026.repository.db.JdbcUtils - Database connection established successfully
2026-05-06 10:08:25 INFO  ro.mpp2026.repository.db.EventDbRepository - Event found with id=2: Event{id=2, name='100m', distance=100, minAge=6, maxAge=8}
2026-05-06 10:08:25 INFO  ro.mpp2026.repository.db.ChildDbRepository - Entering findById with id=13
2026-05-06 10:08:25 INFO  ro.mpp2026.repository.db.JdbcUtils - Getting database connection
2026-05-06 10:08:25 INFO  ro.mpp2026.repository.db.JdbcUtils - Database connection established successfully
2026-05-06 10:08:25 INFO  ro.mpp2026.repository.db.ChildDbRepository - Child found with id=13: Child{id=13, name='Mihalcea Sebastian', cnp='2050730170024', age=7}
2026-05-06 10:08:25 INFO  ro.mpp2026.repository.db.RegistrationDbRepository - Entering findByChildId with childId=13
2026-05-06 10:08:25 INFO  ro.mpp2026.repository.db.JdbcUtils - Getting database connection
2026-05-06 10:08:25 INFO  ro.mpp2026.repository.db.JdbcUtils - Database connection established successfully
2026-05-06 10:08:25 INFO  ro.mpp2026.repository.db.RegistrationDbRepository - findByChildId completed, 1 registrations found
2026-05-06 10:08:25 INFO  ro.mpp2026.repository.db.EventDbRepository - Entering findById with id=2
2026-05-06 10:08:25 INFO  ro.mpp2026.repository.db.JdbcUtils - Getting database connection
2026-05-06 10:08:25 INFO  ro.mpp2026.repository.db.JdbcUtils - Database connection established successfully
2026-05-06 10:08:25 INFO  ro.mpp2026.repository.db.EventDbRepository - Event found with id=2: Event{id=2, name='100m', distance=100, minAge=6, maxAge=8}
2026-05-06 10:08:27 INFO  ro.mpp2026.repository.db.EventDbRepository - Entering findAll
2026-05-06 10:08:27 INFO  ro.mpp2026.repository.db.JdbcUtils - Getting database connection
2026-05-06 10:08:27 INFO  ro.mpp2026.repository.db.JdbcUtils - Database connection established successfully
2026-05-06 10:08:27 INFO  ro.mpp2026.repository.db.EventDbRepository - findAll completed, 8 events loaded
2026-05-06 10:08:27 INFO  ro.mpp2026.repository.db.RegistrationDbRepository - Entering findByEventId with eventId=1
2026-05-06 10:08:27 INFO  ro.mpp2026.repository.db.JdbcUtils - Getting database connection
2026-05-06 10:08:27 INFO  ro.mpp2026.repository.db.JdbcUtils - Database connection established successfully
2026-05-06 10:08:27 INFO  ro.mpp2026.repository.db.RegistrationDbRepository - findByEventId completed, 2 registrations found
2026-05-06 10:08:27 INFO  ro.mpp2026.repository.db.RegistrationDbRepository - Entering findByEventId with eventId=2
2026-05-06 10:08:27 INFO  ro.mpp2026.repository.db.JdbcUtils - Getting database connection
2026-05-06 10:08:27 INFO  ro.mpp2026.repository.db.JdbcUtils - Database connection established successfully
2026-05-06 10:08:27 INFO  ro.mpp2026.repository.db.RegistrationDbRepository - findByEventId completed, 2 registrations found
2026-05-06 10:08:27 INFO  ro.mpp2026.repository.db.RegistrationDbRepository - Entering findByEventId with eventId=3
2026-05-06 10:08:27 INFO  ro.mpp2026.repository.db.JdbcUtils - Getting database connection
2026-05-06 10:08:27 INFO  ro.mpp2026.repository.db.JdbcUtils - Database connection established successfully
2026-05-06 10:08:27 INFO  ro.mpp2026.repository.db.RegistrationDbRepository - findByEventId completed, 1 registrations found
2026-05-06 10:08:27 INFO  ro.mpp2026.repository.db.RegistrationDbRepository - Entering findByEventId with eventId=4
2026-05-06 10:08:27 INFO  ro.mpp2026.repository.db.JdbcUtils - Getting database connection
2026-05-06 10:08:27 INFO  ro.mpp2026.repository.db.JdbcUtils - Database connection established successfully
2026-05-06 10:08:27 INFO  ro.mpp2026.repository.db.RegistrationDbRepository - findByEventId completed, 3 registrations found
2026-05-06 10:08:27 INFO  ro.mpp2026.repository.db.RegistrationDbRepository - Entering findByEventId with eventId=5
2026-05-06 10:08:27 INFO  ro.mpp2026.repository.db.JdbcUtils - Getting database connection
2026-05-06 10:08:27 INFO  ro.mpp2026.repository.db.JdbcUtils - Database connection established successfully
2026-05-06 10:08:27 INFO  ro.mpp2026.repository.db.RegistrationDbRepository - findByEventId completed, 1 registrations found
2026-05-06 10:08:27 INFO  ro.mpp2026.repository.db.RegistrationDbRepository - Entering findByEventId with eventId=6
2026-05-06 10:08:27 INFO  ro.mpp2026.repository.db.JdbcUtils - Getting database connection
2026-05-06 10:08:27 INFO  ro.mpp2026.repository.db.JdbcUtils - Database connection established successfully
2026-05-06 10:08:27 INFO  ro.mpp2026.repository.db.RegistrationDbRepository - findByEventId completed, 4 registrations found
2026-05-06 10:08:27 INFO  ro.mpp2026.repository.db.RegistrationDbRepository - Entering findByEventId with eventId=7
2026-05-06 10:08:27 INFO  ro.mpp2026.repository.db.JdbcUtils - Getting database connection
2026-05-06 10:08:27 INFO  ro.mpp2026.repository.db.JdbcUtils - Database connection established successfully
2026-05-06 10:08:27 INFO  ro.mpp2026.repository.db.RegistrationDbRepository - findByEventId completed, 4 registrations found
2026-05-06 10:08:27 INFO  ro.mpp2026.repository.db.RegistrationDbRepository - Entering findByEventId with eventId=8
2026-05-06 10:08:27 INFO  ro.mpp2026.repository.db.JdbcUtils - Getting database connection
2026-05-06 10:08:27 INFO  ro.mpp2026.repository.db.JdbcUtils - Database connection established successfully
2026-05-06 10:08:27 INFO  ro.mpp2026.repository.db.RegistrationDbRepository - findByEventId completed, 2 registrations found
2026-05-06 10:08:27 INFO  ro.mpp2026.repository.db.EventDbRepository - Entering findAll
2026-05-06 10:08:27 INFO  ro.mpp2026.repository.db.JdbcUtils - Getting database connection
2026-05-06 10:08:27 INFO  ro.mpp2026.repository.db.JdbcUtils - Database connection established successfully
2026-05-06 10:08:27 INFO  ro.mpp2026.repository.db.EventDbRepository - findAll completed, 8 events loaded
2026-05-06 10:08:27 INFO  ro.mpp2026.repository.db.RegistrationDbRepository - Entering findByEventId with eventId=1
2026-05-06 10:08:27 INFO  ro.mpp2026.repository.db.JdbcUtils - Getting database connection
2026-05-06 10:08:27 INFO  ro.mpp2026.repository.db.JdbcUtils - Database connection established successfully
2026-05-06 10:08:27 INFO  ro.mpp2026.repository.db.RegistrationDbRepository - findByEventId completed, 2 registrations found
2026-05-06 10:08:27 INFO  ro.mpp2026.repository.db.RegistrationDbRepository - Entering findByEventId with eventId=2
2026-05-06 10:08:27 INFO  ro.mpp2026.repository.db.JdbcUtils - Getting database connection
2026-05-06 10:08:27 INFO  ro.mpp2026.repository.db.JdbcUtils - Database connection established successfully
2026-05-06 10:08:27 INFO  ro.mpp2026.repository.db.RegistrationDbRepository - findByEventId completed, 2 registrations found
2026-05-06 10:08:27 INFO  ro.mpp2026.repository.db.RegistrationDbRepository - Entering findByEventId with eventId=3
2026-05-06 10:08:27 INFO  ro.mpp2026.repository.db.JdbcUtils - Getting database connection
2026-05-06 10:08:27 INFO  ro.mpp2026.repository.db.JdbcUtils - Database connection established successfully
2026-05-06 10:08:27 INFO  ro.mpp2026.repository.db.RegistrationDbRepository - findByEventId completed, 1 registrations found
2026-05-06 10:08:27 INFO  ro.mpp2026.repository.db.RegistrationDbRepository - Entering findByEventId with eventId=4
2026-05-06 10:08:27 INFO  ro.mpp2026.repository.db.JdbcUtils - Getting database connection
2026-05-06 10:08:27 INFO  ro.mpp2026.repository.db.JdbcUtils - Database connection established successfully
2026-05-06 10:08:27 INFO  ro.mpp2026.repository.db.RegistrationDbRepository - findByEventId completed, 3 registrations found
2026-05-06 10:08:27 INFO  ro.mpp2026.repository.db.RegistrationDbRepository - Entering findByEventId with eventId=5
2026-05-06 10:08:27 INFO  ro.mpp2026.repository.db.JdbcUtils - Getting database connection
2026-05-06 10:08:27 INFO  ro.mpp2026.repository.db.JdbcUtils - Database connection established successfully
2026-05-06 10:08:27 INFO  ro.mpp2026.repository.db.RegistrationDbRepository - findByEventId completed, 1 registrations found
2026-05-06 10:08:27 INFO  ro.mpp2026.repository.db.RegistrationDbRepository - Entering findByEventId with eventId=6
2026-05-06 10:08:27 INFO  ro.mpp2026.repository.db.JdbcUtils - Getting database connection
2026-05-06 10:08:27 INFO  ro.mpp2026.repository.db.JdbcUtils - Database connection established successfully
2026-05-06 10:08:27 INFO  ro.mpp2026.repository.db.RegistrationDbRepository - findByEventId completed, 4 registrations found
2026-05-06 10:08:27 INFO  ro.mpp2026.repository.db.RegistrationDbRepository - Entering findByEventId with eventId=7
2026-05-06 10:08:27 INFO  ro.mpp2026.repository.db.JdbcUtils - Getting database connection
2026-05-06 10:08:27 INFO  ro.mpp2026.repository.db.JdbcUtils - Database connection established successfully
2026-05-06 10:08:27 INFO  ro.mpp2026.repository.db.RegistrationDbRepository - findByEventId completed, 4 registrations found
2026-05-06 10:08:27 INFO  ro.mpp2026.repository.db.RegistrationDbRepository - Entering findByEventId with eventId=8
2026-05-06 10:08:27 INFO  ro.mpp2026.repository.db.JdbcUtils - Getting database connection
2026-05-06 10:08:27 INFO  ro.mpp2026.repository.db.JdbcUtils - Database connection established successfully
2026-05-06 10:08:27 INFO  ro.mpp2026.repository.db.RegistrationDbRepository - findByEventId completed, 2 registrations found
2026-05-06 10:08:27 INFO  ro.mpp2026.repository.db.RegistrationDbRepository - Entering findByEventId with eventId=2
2026-05-06 10:08:27 INFO  ro.mpp2026.repository.db.JdbcUtils - Getting database connection
2026-05-06 10:08:27 INFO  ro.mpp2026.repository.db.JdbcUtils - Database connection established successfully
2026-05-06 10:08:27 INFO  ro.mpp2026.repository.db.RegistrationDbRepository - findByEventId completed, 2 registrations found
2026-05-06 10:08:27 INFO  ro.mpp2026.repository.db.ChildDbRepository - Entering findById with id=1
2026-05-06 10:08:27 INFO  ro.mpp2026.repository.db.JdbcUtils - Getting database connection
2026-05-06 10:08:27 INFO  ro.mpp2026.repository.db.JdbcUtils - Database connection established successfully
2026-05-06 10:08:27 INFO  ro.mpp2026.repository.db.ChildDbRepository - Child found with id=1: Child{id=1, name='Ana Pop', cnp='1234567890123', age=7}
2026-05-06 10:08:27 INFO  ro.mpp2026.repository.db.RegistrationDbRepository - Entering findByChildId with childId=1
2026-05-06 10:08:27 INFO  ro.mpp2026.repository.db.JdbcUtils - Getting database connection
2026-05-06 10:08:27 INFO  ro.mpp2026.repository.db.JdbcUtils - Database connection established successfully
2026-05-06 10:08:27 INFO  ro.mpp2026.repository.db.RegistrationDbRepository - findByChildId completed, 2 registrations found
2026-05-06 10:08:27 INFO  ro.mpp2026.repository.db.EventDbRepository - Entering findById with id=1
2026-05-06 10:08:27 INFO  ro.mpp2026.repository.db.JdbcUtils - Getting database connection
2026-05-06 10:08:27 INFO  ro.mpp2026.repository.db.JdbcUtils - Database connection established successfully
2026-05-06 10:08:27 INFO  ro.mpp2026.repository.db.EventDbRepository - Event found with id=1: Event{id=1, name='50m', distance=50, minAge=6, maxAge=8}
2026-05-06 10:08:27 INFO  ro.mpp2026.repository.db.EventDbRepository - Entering findById with id=2
2026-05-06 10:08:27 INFO  ro.mpp2026.repository.db.JdbcUtils - Getting database connection
2026-05-06 10:08:27 INFO  ro.mpp2026.repository.db.JdbcUtils - Database connection established successfully
2026-05-06 10:08:27 INFO  ro.mpp2026.repository.db.EventDbRepository - Event found with id=2: Event{id=2, name='100m', distance=100, minAge=6, maxAge=8}
2026-05-06 10:08:27 INFO  ro.mpp2026.repository.db.ChildDbRepository - Entering findById with id=13
2026-05-06 10:08:27 INFO  ro.mpp2026.repository.db.JdbcUtils - Getting database connection
2026-05-06 10:08:27 INFO  ro.mpp2026.repository.db.JdbcUtils - Database connection established successfully
2026-05-06 10:08:27 INFO  ro.mpp2026.repository.db.ChildDbRepository - Child found with id=13: Child{id=13, name='Mihalcea Sebastian', cnp='2050730170024', age=7}
2026-05-06 10:08:27 INFO  ro.mpp2026.repository.db.RegistrationDbRepository - Entering findByChildId with childId=13
2026-05-06 10:08:27 INFO  ro.mpp2026.repository.db.JdbcUtils - Getting database connection
2026-05-06 10:08:27 INFO  ro.mpp2026.repository.db.JdbcUtils - Database connection established successfully
2026-05-06 10:08:27 INFO  ro.mpp2026.repository.db.RegistrationDbRepository - findByChildId completed, 1 registrations found
2026-05-06 10:08:27 INFO  ro.mpp2026.repository.db.EventDbRepository - Entering findById with id=2
2026-05-06 10:08:27 INFO  ro.mpp2026.repository.db.JdbcUtils - Getting database connection
2026-05-06 10:08:27 INFO  ro.mpp2026.repository.db.JdbcUtils - Database connection established successfully
2026-05-06 10:08:27 INFO  ro.mpp2026.repository.db.EventDbRepository - Event found with id=2: Event{id=2, name='100m', distance=100, minAge=6, maxAge=8}
2026-05-06 10:08:27 INFO  ro.mpp2026.repository.db.RegistrationDbRepository - Entering findByEventId with eventId=2
2026-05-06 10:08:27 INFO  ro.mpp2026.repository.db.JdbcUtils - Getting database connection
2026-05-06 10:08:27 INFO  ro.mpp2026.repository.db.JdbcUtils - Database connection established successfully
2026-05-06 10:08:27 INFO  ro.mpp2026.repository.db.RegistrationDbRepository - findByEventId completed, 2 registrations found
2026-05-06 10:08:27 INFO  ro.mpp2026.repository.db.ChildDbRepository - Entering findById with id=1
2026-05-06 10:08:27 INFO  ro.mpp2026.repository.db.JdbcUtils - Getting database connection
2026-05-06 10:08:27 INFO  ro.mpp2026.repository.db.JdbcUtils - Database connection established successfully
2026-05-06 10:08:27 INFO  ro.mpp2026.repository.db.ChildDbRepository - Child found with id=1: Child{id=1, name='Ana Pop', cnp='1234567890123', age=7}
2026-05-06 10:08:27 INFO  ro.mpp2026.repository.db.RegistrationDbRepository - Entering findByChildId with childId=1
2026-05-06 10:08:27 INFO  ro.mpp2026.repository.db.JdbcUtils - Getting database connection
2026-05-06 10:08:27 INFO  ro.mpp2026.repository.db.JdbcUtils - Database connection established successfully
2026-05-06 10:08:27 INFO  ro.mpp2026.repository.db.RegistrationDbRepository - findByChildId completed, 2 registrations found
2026-05-06 10:08:27 INFO  ro.mpp2026.repository.db.EventDbRepository - Entering findById with id=1
2026-05-06 10:08:27 INFO  ro.mpp2026.repository.db.JdbcUtils - Getting database connection
2026-05-06 10:08:27 INFO  ro.mpp2026.repository.db.JdbcUtils - Database connection established successfully
2026-05-06 10:08:27 INFO  ro.mpp2026.repository.db.EventDbRepository - Event found with id=1: Event{id=1, name='50m', distance=50, minAge=6, maxAge=8}
2026-05-06 10:08:27 INFO  ro.mpp2026.repository.db.EventDbRepository - Entering findById with id=2
2026-05-06 10:08:27 INFO  ro.mpp2026.repository.db.JdbcUtils - Getting database connection
2026-05-06 10:08:27 INFO  ro.mpp2026.repository.db.JdbcUtils - Database connection established successfully
2026-05-06 10:08:27 INFO  ro.mpp2026.repository.db.EventDbRepository - Event found with id=2: Event{id=2, name='100m', distance=100, minAge=6, maxAge=8}
2026-05-06 10:08:27 INFO  ro.mpp2026.repository.db.ChildDbRepository - Entering findById with id=13
2026-05-06 10:08:27 INFO  ro.mpp2026.repository.db.JdbcUtils - Getting database connection
2026-05-06 10:08:27 INFO  ro.mpp2026.repository.db.JdbcUtils - Database connection established successfully
2026-05-06 10:08:27 INFO  ro.mpp2026.repository.db.ChildDbRepository - Child found with id=13: Child{id=13, name='Mihalcea Sebastian', cnp='2050730170024', age=7}
2026-05-06 10:08:27 INFO  ro.mpp2026.repository.db.RegistrationDbRepository - Entering findByChildId with childId=13
2026-05-06 10:08:27 INFO  ro.mpp2026.repository.db.JdbcUtils - Getting database connection
2026-05-06 10:08:27 INFO  ro.mpp2026.repository.db.JdbcUtils - Database connection established successfully
2026-05-06 10:08:27 INFO  ro.mpp2026.repository.db.RegistrationDbRepository - findByChildId completed, 1 registrations found
2026-05-06 10:08:27 INFO  ro.mpp2026.repository.db.EventDbRepository - Entering findById with id=2
2026-05-06 10:08:27 INFO  ro.mpp2026.repository.db.JdbcUtils - Getting database connection
2026-05-06 10:08:27 INFO  ro.mpp2026.repository.db.JdbcUtils - Database connection established successfully
2026-05-06 10:08:27 INFO  ro.mpp2026.repository.db.EventDbRepository - Event found with id=2: Event{id=2, name='100m', distance=100, minAge=6, maxAge=8}
2026-05-06 10:08:34 INFO  ro.mpp2026.repository.db.ChildDbRepository - Entering findByCnp with cnp=2050730170024
2026-05-06 10:08:34 INFO  ro.mpp2026.repository.db.JdbcUtils - Getting database connection
2026-05-06 10:08:34 INFO  ro.mpp2026.repository.db.JdbcUtils - Database connection established successfully
2026-05-06 10:08:34 INFO  ro.mpp2026.repository.db.ChildDbRepository - Child found with cnp=2050730170024: Child{id=13, name='Mihalcea Sebastian', cnp='2050730170024', age=7}
2026-05-06 10:08:34 INFO  ro.mpp2026.repository.db.ChildDbRepository - Entering findByCnp with cnp=2050730170024
2026-05-06 10:08:34 INFO  ro.mpp2026.repository.db.JdbcUtils - Getting database connection
2026-05-06 10:08:34 INFO  ro.mpp2026.repository.db.JdbcUtils - Database connection established successfully
2026-05-06 10:08:34 INFO  ro.mpp2026.repository.db.ChildDbRepository - Child found with cnp=2050730170024: Child{id=13, name='Mihalcea Sebastian', cnp='2050730170024', age=7}
2026-05-06 10:08:34 INFO  ro.mpp2026.repository.db.RegistrationDbRepository - Entering findByChildId with childId=13
2026-05-06 10:08:34 INFO  ro.mpp2026.repository.db.JdbcUtils - Getting database connection
2026-05-06 10:08:34 INFO  ro.mpp2026.repository.db.JdbcUtils - Database connection established successfully
2026-05-06 10:08:34 INFO  ro.mpp2026.repository.db.RegistrationDbRepository - findByChildId completed, 1 registrations found
2026-05-06 10:08:34 INFO  ro.mpp2026.repository.db.EventDbRepository - Entering findAll
2026-05-06 10:08:34 INFO  ro.mpp2026.repository.db.JdbcUtils - Getting database connection
2026-05-06 10:08:34 INFO  ro.mpp2026.repository.db.JdbcUtils - Database connection established successfully
2026-05-06 10:08:34 INFO  ro.mpp2026.repository.db.EventDbRepository - findAll completed, 8 events loaded
2026-05-06 10:08:34 INFO  ro.mpp2026.repository.db.RegistrationDbRepository - Entering findByEventId with eventId=1
2026-05-06 10:08:34 INFO  ro.mpp2026.repository.db.JdbcUtils - Getting database connection
2026-05-06 10:08:34 INFO  ro.mpp2026.repository.db.JdbcUtils - Database connection established successfully
2026-05-06 10:08:34 INFO  ro.mpp2026.repository.db.RegistrationDbRepository - findByEventId completed, 2 registrations found
2026-05-06 10:08:34 INFO  ro.mpp2026.repository.db.RegistrationDbRepository - Entering findByEventId with eventId=2
2026-05-06 10:08:34 INFO  ro.mpp2026.repository.db.JdbcUtils - Getting database connection
2026-05-06 10:08:34 INFO  ro.mpp2026.repository.db.JdbcUtils - Database connection established successfully
2026-05-06 10:08:34 INFO  ro.mpp2026.repository.db.RegistrationDbRepository - findByEventId completed, 2 registrations found
2026-05-06 10:08:34 INFO  ro.mpp2026.repository.db.RegistrationDbRepository - Entering findByEventId with eventId=3
2026-05-06 10:08:34 INFO  ro.mpp2026.repository.db.JdbcUtils - Getting database connection
2026-05-06 10:08:34 INFO  ro.mpp2026.repository.db.JdbcUtils - Database connection established successfully
2026-05-06 10:08:34 INFO  ro.mpp2026.repository.db.RegistrationDbRepository - findByEventId completed, 1 registrations found
2026-05-06 10:08:34 INFO  ro.mpp2026.repository.db.RegistrationDbRepository - Entering findByEventId with eventId=4
2026-05-06 10:08:34 INFO  ro.mpp2026.repository.db.JdbcUtils - Getting database connection
2026-05-06 10:08:34 INFO  ro.mpp2026.repository.db.JdbcUtils - Database connection established successfully
2026-05-06 10:08:34 INFO  ro.mpp2026.repository.db.RegistrationDbRepository - findByEventId completed, 3 registrations found
2026-05-06 10:08:34 INFO  ro.mpp2026.repository.db.RegistrationDbRepository - Entering findByEventId with eventId=5
2026-05-06 10:08:34 INFO  ro.mpp2026.repository.db.JdbcUtils - Getting database connection
2026-05-06 10:08:34 INFO  ro.mpp2026.repository.db.JdbcUtils - Database connection established successfully
2026-05-06 10:08:34 INFO  ro.mpp2026.repository.db.RegistrationDbRepository - findByEventId completed, 1 registrations found
2026-05-06 10:08:34 INFO  ro.mpp2026.repository.db.RegistrationDbRepository - Entering findByEventId with eventId=6
2026-05-06 10:08:34 INFO  ro.mpp2026.repository.db.JdbcUtils - Getting database connection
2026-05-06 10:08:34 INFO  ro.mpp2026.repository.db.JdbcUtils - Database connection established successfully
2026-05-06 10:08:34 INFO  ro.mpp2026.repository.db.RegistrationDbRepository - findByEventId completed, 4 registrations found
2026-05-06 10:08:34 INFO  ro.mpp2026.repository.db.RegistrationDbRepository - Entering findByEventId with eventId=7
2026-05-06 10:08:34 INFO  ro.mpp2026.repository.db.JdbcUtils - Getting database connection
2026-05-06 10:08:34 INFO  ro.mpp2026.repository.db.JdbcUtils - Database connection established successfully
2026-05-06 10:08:34 INFO  ro.mpp2026.repository.db.RegistrationDbRepository - findByEventId completed, 4 registrations found
2026-05-06 10:08:34 INFO  ro.mpp2026.repository.db.RegistrationDbRepository - Entering findByEventId with eventId=8
2026-05-06 10:08:34 INFO  ro.mpp2026.repository.db.JdbcUtils - Getting database connection
2026-05-06 10:08:34 INFO  ro.mpp2026.repository.db.JdbcUtils - Database connection established successfully
2026-05-06 10:08:34 INFO  ro.mpp2026.repository.db.RegistrationDbRepository - findByEventId completed, 2 registrations found
2026-05-06 10:08:40 INFO  ro.mpp2026.repository.db.ChildDbRepository - Entering findByCnp with cnp=2050730170024
2026-05-06 10:08:40 INFO  ro.mpp2026.repository.db.JdbcUtils - Getting database connection
2026-05-06 10:08:40 INFO  ro.mpp2026.repository.db.JdbcUtils - Database connection established successfully
2026-05-06 10:08:40 INFO  ro.mpp2026.repository.db.ChildDbRepository - Child found with cnp=2050730170024: Child{id=13, name='Mihalcea Sebastian', cnp='2050730170024', age=7}
2026-05-06 10:08:40 INFO  ro.mpp2026.repository.db.EventDbRepository - Entering findById with id=1
2026-05-06 10:08:40 INFO  ro.mpp2026.repository.db.JdbcUtils - Getting database connection
2026-05-06 10:08:40 INFO  ro.mpp2026.repository.db.JdbcUtils - Database connection established successfully
2026-05-06 10:08:40 INFO  ro.mpp2026.repository.db.EventDbRepository - Event found with id=1: Event{id=1, name='50m', distance=50, minAge=6, maxAge=8}
2026-05-06 10:08:40 INFO  ro.mpp2026.repository.db.RegistrationDbRepository - Entering findByChildId with childId=13
2026-05-06 10:08:40 INFO  ro.mpp2026.repository.db.JdbcUtils - Getting database connection
2026-05-06 10:08:40 INFO  ro.mpp2026.repository.db.JdbcUtils - Database connection established successfully
2026-05-06 10:08:40 INFO  ro.mpp2026.repository.db.RegistrationDbRepository - findByChildId completed, 1 registrations found
2026-05-06 10:08:40 INFO  ro.mpp2026.repository.db.RegistrationDbRepository - Entering delete with registration=Registration{id=26, childId=13, eventId=2}
2026-05-06 10:08:40 INFO  ro.mpp2026.repository.db.JdbcUtils - Getting database connection
2026-05-06 10:08:40 INFO  ro.mpp2026.repository.db.JdbcUtils - Database connection established successfully
2026-05-06 10:08:40 INFO  ro.mpp2026.repository.db.RegistrationDbRepository - Registration deleted successfully, affected rows=1
2026-05-06 10:08:40 INFO  ro.mpp2026.repository.db.RegistrationDbRepository - Entering save with registration=Registration{id=0, childId=13, eventId=1}
2026-05-06 10:08:40 INFO  ro.mpp2026.repository.db.JdbcUtils - Getting database connection
2026-05-06 10:08:40 INFO  ro.mpp2026.repository.db.JdbcUtils - Database connection established successfully
2026-05-06 10:08:40 INFO  ro.mpp2026.repository.db.RegistrationDbRepository - Registration saved successfully, affected rows=1
2026-05-06 10:08:40 INFO  ro.mpp2026.repository.db.EventDbRepository - Entering findAll
2026-05-06 10:08:40 INFO  ro.mpp2026.repository.db.JdbcUtils - Getting database connection
2026-05-06 10:08:40 INFO  ro.mpp2026.repository.db.JdbcUtils - Database connection established successfully
2026-05-06 10:08:40 INFO  ro.mpp2026.repository.db.EventDbRepository - findAll completed, 8 events loaded
2026-05-06 10:08:40 INFO  ro.mpp2026.repository.db.RegistrationDbRepository - Entering findByEventId with eventId=1
2026-05-06 10:08:40 INFO  ro.mpp2026.repository.db.JdbcUtils - Getting database connection
2026-05-06 10:08:40 INFO  ro.mpp2026.repository.db.JdbcUtils - Database connection established successfully
2026-05-06 10:08:40 INFO  ro.mpp2026.repository.db.RegistrationDbRepository - findByEventId completed, 3 registrations found
2026-05-06 10:08:40 INFO  ro.mpp2026.repository.db.RegistrationDbRepository - Entering findByEventId with eventId=2
2026-05-06 10:08:40 INFO  ro.mpp2026.repository.db.JdbcUtils - Getting database connection
2026-05-06 10:08:40 INFO  ro.mpp2026.repository.db.JdbcUtils - Database connection established successfully
2026-05-06 10:08:40 INFO  ro.mpp2026.repository.db.RegistrationDbRepository - findByEventId completed, 1 registrations found
2026-05-06 10:08:40 INFO  ro.mpp2026.repository.db.RegistrationDbRepository - Entering findByEventId with eventId=3
2026-05-06 10:08:40 INFO  ro.mpp2026.repository.db.JdbcUtils - Getting database connection
2026-05-06 10:08:40 INFO  ro.mpp2026.repository.db.JdbcUtils - Database connection established successfully
2026-05-06 10:08:40 INFO  ro.mpp2026.repository.db.RegistrationDbRepository - findByEventId completed, 1 registrations found
2026-05-06 10:08:40 INFO  ro.mpp2026.repository.db.RegistrationDbRepository - Entering findByEventId with eventId=4
2026-05-06 10:08:40 INFO  ro.mpp2026.repository.db.JdbcUtils - Getting database connection
2026-05-06 10:08:40 INFO  ro.mpp2026.repository.db.JdbcUtils - Database connection established successfully
2026-05-06 10:08:40 INFO  ro.mpp2026.repository.db.RegistrationDbRepository - findByEventId completed, 3 registrations found
2026-05-06 10:08:40 INFO  ro.mpp2026.repository.db.RegistrationDbRepository - Entering findByEventId with eventId=5
2026-05-06 10:08:40 INFO  ro.mpp2026.repository.db.JdbcUtils - Getting database connection
2026-05-06 10:08:40 INFO  ro.mpp2026.repository.db.JdbcUtils - Database connection established successfully
2026-05-06 10:08:40 INFO  ro.mpp2026.repository.db.RegistrationDbRepository - findByEventId completed, 1 registrations found
2026-05-06 10:08:40 INFO  ro.mpp2026.repository.db.RegistrationDbRepository - Entering findByEventId with eventId=6
2026-05-06 10:08:40 INFO  ro.mpp2026.repository.db.JdbcUtils - Getting database connection
2026-05-06 10:08:40 INFO  ro.mpp2026.repository.db.JdbcUtils - Database connection established successfully
2026-05-06 10:08:40 INFO  ro.mpp2026.repository.db.RegistrationDbRepository - findByEventId completed, 4 registrations found
2026-05-06 10:08:40 INFO  ro.mpp2026.repository.db.RegistrationDbRepository - Entering findByEventId with eventId=7
2026-05-06 10:08:40 INFO  ro.mpp2026.repository.db.JdbcUtils - Getting database connection
2026-05-06 10:08:40 INFO  ro.mpp2026.repository.db.JdbcUtils - Database connection established successfully
2026-05-06 10:08:40 INFO  ro.mpp2026.repository.db.RegistrationDbRepository - findByEventId completed, 4 registrations found
2026-05-06 10:08:40 INFO  ro.mpp2026.repository.db.RegistrationDbRepository - Entering findByEventId with eventId=8
2026-05-06 10:08:40 INFO  ro.mpp2026.repository.db.JdbcUtils - Getting database connection
2026-05-06 10:08:40 INFO  ro.mpp2026.repository.db.JdbcUtils - Database connection established successfully
2026-05-06 10:08:40 INFO  ro.mpp2026.repository.db.RegistrationDbRepository - findByEventId completed, 2 registrations found
2026-05-06 10:08:40 INFO  ro.mpp2026.repository.db.EventDbRepository - Entering findAll
2026-05-06 10:08:40 INFO  ro.mpp2026.repository.db.JdbcUtils - Getting database connection
2026-05-06 10:08:40 INFO  ro.mpp2026.repository.db.JdbcUtils - Database connection established successfully
2026-05-06 10:08:40 INFO  ro.mpp2026.repository.db.EventDbRepository - findAll completed, 8 events loaded
2026-05-06 10:08:40 INFO  ro.mpp2026.repository.db.RegistrationDbRepository - Entering findByEventId with eventId=1
2026-05-06 10:08:40 INFO  ro.mpp2026.repository.db.JdbcUtils - Getting database connection
2026-05-06 10:08:40 INFO  ro.mpp2026.repository.db.JdbcUtils - Database connection established successfully
2026-05-06 10:08:40 INFO  ro.mpp2026.repository.db.RegistrationDbRepository - findByEventId completed, 3 registrations found
2026-05-06 10:08:40 INFO  ro.mpp2026.repository.db.RegistrationDbRepository - Entering findByEventId with eventId=2
2026-05-06 10:08:40 INFO  ro.mpp2026.repository.db.JdbcUtils - Getting database connection
2026-05-06 10:08:40 INFO  ro.mpp2026.repository.db.JdbcUtils - Database connection established successfully
2026-05-06 10:08:40 INFO  ro.mpp2026.repository.db.RegistrationDbRepository - findByEventId completed, 1 registrations found
2026-05-06 10:08:40 INFO  ro.mpp2026.repository.db.RegistrationDbRepository - Entering findByEventId with eventId=3
2026-05-06 10:08:40 INFO  ro.mpp2026.repository.db.JdbcUtils - Getting database connection
2026-05-06 10:08:40 INFO  ro.mpp2026.repository.db.JdbcUtils - Database connection established successfully
2026-05-06 10:08:40 INFO  ro.mpp2026.repository.db.RegistrationDbRepository - findByEventId completed, 1 registrations found
2026-05-06 10:08:40 INFO  ro.mpp2026.repository.db.RegistrationDbRepository - Entering findByEventId with eventId=4
2026-05-06 10:08:40 INFO  ro.mpp2026.repository.db.JdbcUtils - Getting database connection
2026-05-06 10:08:40 INFO  ro.mpp2026.repository.db.JdbcUtils - Database connection established successfully
2026-05-06 10:08:40 INFO  ro.mpp2026.repository.db.RegistrationDbRepository - findByEventId completed, 3 registrations found
2026-05-06 10:08:40 INFO  ro.mpp2026.repository.db.RegistrationDbRepository - Entering findByEventId with eventId=5
2026-05-06 10:08:40 INFO  ro.mpp2026.repository.db.JdbcUtils - Getting database connection
2026-05-06 10:08:40 INFO  ro.mpp2026.repository.db.JdbcUtils - Database connection established successfully
2026-05-06 10:08:40 INFO  ro.mpp2026.repository.db.RegistrationDbRepository - findByEventId completed, 1 registrations found
2026-05-06 10:08:40 INFO  ro.mpp2026.repository.db.RegistrationDbRepository - Entering findByEventId with eventId=6
2026-05-06 10:08:40 INFO  ro.mpp2026.repository.db.JdbcUtils - Getting database connection
2026-05-06 10:08:40 INFO  ro.mpp2026.repository.db.JdbcUtils - Database connection established successfully
2026-05-06 10:08:40 INFO  ro.mpp2026.repository.db.RegistrationDbRepository - findByEventId completed, 4 registrations found
2026-05-06 10:08:40 INFO  ro.mpp2026.repository.db.RegistrationDbRepository - Entering findByEventId with eventId=7
2026-05-06 10:08:40 INFO  ro.mpp2026.repository.db.JdbcUtils - Getting database connection
2026-05-06 10:08:40 INFO  ro.mpp2026.repository.db.JdbcUtils - Database connection established successfully
2026-05-06 10:08:40 INFO  ro.mpp2026.repository.db.RegistrationDbRepository - findByEventId completed, 4 registrations found
2026-05-06 10:08:40 INFO  ro.mpp2026.repository.db.RegistrationDbRepository - Entering findByEventId with eventId=8
2026-05-06 10:08:40 INFO  ro.mpp2026.repository.db.JdbcUtils - Getting database connection
2026-05-06 10:08:40 INFO  ro.mpp2026.repository.db.JdbcUtils - Database connection established successfully
2026-05-06 10:08:40 INFO  ro.mpp2026.repository.db.RegistrationDbRepository - findByEventId completed, 2 registrations found
2026-05-06 10:08:40 INFO  ro.mpp2026.repository.db.EventDbRepository - Entering findAll
2026-05-06 10:08:40 INFO  ro.mpp2026.repository.db.JdbcUtils - Getting database connection
2026-05-06 10:08:40 INFO  ro.mpp2026.repository.db.JdbcUtils - Database connection established successfully
2026-05-06 10:08:40 INFO  ro.mpp2026.repository.db.EventDbRepository - findAll completed, 8 events loaded
2026-05-06 10:08:40 INFO  ro.mpp2026.repository.db.RegistrationDbRepository - Entering findByEventId with eventId=1
2026-05-06 10:08:40 INFO  ro.mpp2026.repository.db.JdbcUtils - Getting database connection
2026-05-06 10:08:40 INFO  ro.mpp2026.repository.db.JdbcUtils - Database connection established successfully
2026-05-06 10:08:40 INFO  ro.mpp2026.repository.db.RegistrationDbRepository - findByEventId completed, 3 registrations found
2026-05-06 10:08:40 INFO  ro.mpp2026.repository.db.RegistrationDbRepository - Entering findByEventId with eventId=2
2026-05-06 10:08:40 INFO  ro.mpp2026.repository.db.JdbcUtils - Getting database connection
2026-05-06 10:08:40 INFO  ro.mpp2026.repository.db.JdbcUtils - Database connection established successfully
2026-05-06 10:08:40 INFO  ro.mpp2026.repository.db.RegistrationDbRepository - findByEventId completed, 1 registrations found
2026-05-06 10:08:40 INFO  ro.mpp2026.repository.db.RegistrationDbRepository - Entering findByEventId with eventId=3
2026-05-06 10:08:40 INFO  ro.mpp2026.repository.db.JdbcUtils - Getting database connection
2026-05-06 10:08:40 INFO  ro.mpp2026.repository.db.JdbcUtils - Database connection established successfully
2026-05-06 10:08:40 INFO  ro.mpp2026.repository.db.RegistrationDbRepository - findByEventId completed, 1 registrations found
2026-05-06 10:08:40 INFO  ro.mpp2026.repository.db.RegistrationDbRepository - Entering findByEventId with eventId=4
2026-05-06 10:08:40 INFO  ro.mpp2026.repository.db.JdbcUtils - Getting database connection
2026-05-06 10:08:40 INFO  ro.mpp2026.repository.db.JdbcUtils - Database connection established successfully
2026-05-06 10:08:40 INFO  ro.mpp2026.repository.db.RegistrationDbRepository - findByEventId completed, 3 registrations found
2026-05-06 10:08:40 INFO  ro.mpp2026.repository.db.RegistrationDbRepository - Entering findByEventId with eventId=5
2026-05-06 10:08:40 INFO  ro.mpp2026.repository.db.JdbcUtils - Getting database connection
2026-05-06 10:08:40 INFO  ro.mpp2026.repository.db.JdbcUtils - Database connection established successfully
2026-05-06 10:08:40 INFO  ro.mpp2026.repository.db.RegistrationDbRepository - findByEventId completed, 1 registrations found
2026-05-06 10:08:40 INFO  ro.mpp2026.repository.db.RegistrationDbRepository - Entering findByEventId with eventId=6
2026-05-06 10:08:40 INFO  ro.mpp2026.repository.db.JdbcUtils - Getting database connection
2026-05-06 10:08:40 INFO  ro.mpp2026.repository.db.JdbcUtils - Database connection established successfully
2026-05-06 10:08:40 INFO  ro.mpp2026.repository.db.RegistrationDbRepository - findByEventId completed, 4 registrations found
2026-05-06 10:08:40 INFO  ro.mpp2026.repository.db.RegistrationDbRepository - Entering findByEventId with eventId=7
2026-05-06 10:08:40 INFO  ro.mpp2026.repository.db.JdbcUtils - Getting database connection
2026-05-06 10:08:40 INFO  ro.mpp2026.repository.db.JdbcUtils - Database connection established successfully
2026-05-06 10:08:40 INFO  ro.mpp2026.repository.db.RegistrationDbRepository - findByEventId completed, 4 registrations found
2026-05-06 10:08:40 INFO  ro.mpp2026.repository.db.RegistrationDbRepository - Entering findByEventId with eventId=8
2026-05-06 10:08:40 INFO  ro.mpp2026.repository.db.JdbcUtils - Getting database connection
2026-05-06 10:08:40 INFO  ro.mpp2026.repository.db.JdbcUtils - Database connection established successfully
2026-05-06 10:08:40 INFO  ro.mpp2026.repository.db.RegistrationDbRepository - findByEventId completed, 2 registrations found
2026-05-06 10:08:40 INFO  ro.mpp2026.repository.db.RegistrationDbRepository - Entering findByEventId with eventId=2
2026-05-06 10:08:40 INFO  ro.mpp2026.repository.db.JdbcUtils - Getting database connection
2026-05-06 10:08:40 INFO  ro.mpp2026.repository.db.JdbcUtils - Database connection established successfully
2026-05-06 10:08:40 INFO  ro.mpp2026.repository.db.RegistrationDbRepository - findByEventId completed, 1 registrations found
2026-05-06 10:08:40 INFO  ro.mpp2026.repository.db.ChildDbRepository - Entering findById with id=1
2026-05-06 10:08:40 INFO  ro.mpp2026.repository.db.JdbcUtils - Getting database connection
2026-05-06 10:08:40 INFO  ro.mpp2026.repository.db.JdbcUtils - Database connection established successfully
2026-05-06 10:08:40 INFO  ro.mpp2026.repository.db.ChildDbRepository - Child found with id=1: Child{id=1, name='Ana Pop', cnp='1234567890123', age=7}
2026-05-06 10:08:40 INFO  ro.mpp2026.repository.db.RegistrationDbRepository - Entering findByChildId with childId=1
2026-05-06 10:08:40 INFO  ro.mpp2026.repository.db.JdbcUtils - Getting database connection
2026-05-06 10:08:40 INFO  ro.mpp2026.repository.db.JdbcUtils - Database connection established successfully
2026-05-06 10:08:40 INFO  ro.mpp2026.repository.db.RegistrationDbRepository - findByChildId completed, 2 registrations found
2026-05-06 10:08:40 INFO  ro.mpp2026.repository.db.EventDbRepository - Entering findById with id=1
2026-05-06 10:08:40 INFO  ro.mpp2026.repository.db.JdbcUtils - Getting database connection
2026-05-06 10:08:40 INFO  ro.mpp2026.repository.db.JdbcUtils - Database connection established successfully
2026-05-06 10:08:40 INFO  ro.mpp2026.repository.db.EventDbRepository - Event found with id=1: Event{id=1, name='50m', distance=50, minAge=6, maxAge=8}
2026-05-06 10:08:40 INFO  ro.mpp2026.repository.db.EventDbRepository - Entering findById with id=2
2026-05-06 10:08:40 INFO  ro.mpp2026.repository.db.JdbcUtils - Getting database connection
2026-05-06 10:08:40 INFO  ro.mpp2026.repository.db.JdbcUtils - Database connection established successfully
2026-05-06 10:08:40 INFO  ro.mpp2026.repository.db.EventDbRepository - Event found with id=2: Event{id=2, name='100m', distance=100, minAge=6, maxAge=8}
2026-05-06 10:08:40 INFO  ro.mpp2026.repository.db.EventDbRepository - Entering findAll
2026-05-06 10:08:40 INFO  ro.mpp2026.repository.db.JdbcUtils - Getting database connection
2026-05-06 10:08:40 INFO  ro.mpp2026.repository.db.JdbcUtils - Database connection established successfully
2026-05-06 10:08:40 INFO  ro.mpp2026.repository.db.EventDbRepository - findAll completed, 8 events loaded
2026-05-06 10:08:40 INFO  ro.mpp2026.repository.db.RegistrationDbRepository - Entering findByEventId with eventId=1
2026-05-06 10:08:40 INFO  ro.mpp2026.repository.db.JdbcUtils - Getting database connection
2026-05-06 10:08:40 INFO  ro.mpp2026.repository.db.JdbcUtils - Database connection established successfully
2026-05-06 10:08:40 INFO  ro.mpp2026.repository.db.RegistrationDbRepository - findByEventId completed, 3 registrations found
2026-05-06 10:08:40 INFO  ro.mpp2026.repository.db.RegistrationDbRepository - Entering findByEventId with eventId=2
2026-05-06 10:08:40 INFO  ro.mpp2026.repository.db.JdbcUtils - Getting database connection
2026-05-06 10:08:40 INFO  ro.mpp2026.repository.db.JdbcUtils - Database connection established successfully
2026-05-06 10:08:40 INFO  ro.mpp2026.repository.db.RegistrationDbRepository - findByEventId completed, 1 registrations found
2026-05-06 10:08:40 INFO  ro.mpp2026.repository.db.RegistrationDbRepository - Entering findByEventId with eventId=3
2026-05-06 10:08:40 INFO  ro.mpp2026.repository.db.JdbcUtils - Getting database connection
2026-05-06 10:08:40 INFO  ro.mpp2026.repository.db.JdbcUtils - Database connection established successfully
2026-05-06 10:08:40 INFO  ro.mpp2026.repository.db.RegistrationDbRepository - findByEventId completed, 1 registrations found
2026-05-06 10:08:40 INFO  ro.mpp2026.repository.db.RegistrationDbRepository - Entering findByEventId with eventId=4
2026-05-06 10:08:40 INFO  ro.mpp2026.repository.db.JdbcUtils - Getting database connection
2026-05-06 10:08:40 INFO  ro.mpp2026.repository.db.JdbcUtils - Database connection established successfully
2026-05-06 10:08:40 INFO  ro.mpp2026.repository.db.RegistrationDbRepository - findByEventId completed, 3 registrations found
2026-05-06 10:08:40 INFO  ro.mpp2026.repository.db.RegistrationDbRepository - Entering findByEventId with eventId=5
2026-05-06 10:08:40 INFO  ro.mpp2026.repository.db.JdbcUtils - Getting database connection
2026-05-06 10:08:40 INFO  ro.mpp2026.repository.db.JdbcUtils - Database connection established successfully
2026-05-06 10:08:40 INFO  ro.mpp2026.repository.db.RegistrationDbRepository - findByEventId completed, 1 registrations found
2026-05-06 10:08:40 INFO  ro.mpp2026.repository.db.RegistrationDbRepository - Entering findByEventId with eventId=6
2026-05-06 10:08:40 INFO  ro.mpp2026.repository.db.JdbcUtils - Getting database connection
2026-05-06 10:08:40 INFO  ro.mpp2026.repository.db.JdbcUtils - Database connection established successfully
2026-05-06 10:08:40 INFO  ro.mpp2026.repository.db.RegistrationDbRepository - findByEventId completed, 4 registrations found
2026-05-06 10:08:40 INFO  ro.mpp2026.repository.db.RegistrationDbRepository - Entering findByEventId with eventId=7
2026-05-06 10:08:40 INFO  ro.mpp2026.repository.db.JdbcUtils - Getting database connection
2026-05-06 10:08:40 INFO  ro.mpp2026.repository.db.JdbcUtils - Database connection established successfully
2026-05-06 10:08:40 INFO  ro.mpp2026.repository.db.RegistrationDbRepository - findByEventId completed, 4 registrations found
2026-05-06 10:08:40 INFO  ro.mpp2026.repository.db.RegistrationDbRepository - Entering findByEventId with eventId=8
2026-05-06 10:08:40 INFO  ro.mpp2026.repository.db.JdbcUtils - Getting database connection
2026-05-06 10:08:40 INFO  ro.mpp2026.repository.db.JdbcUtils - Database connection established successfully
2026-05-06 10:08:40 INFO  ro.mpp2026.repository.db.RegistrationDbRepository - findByEventId completed, 2 registrations found
2026-05-06 10:08:40 INFO  ro.mpp2026.repository.db.RegistrationDbRepository - Entering findByEventId with eventId=2
2026-05-06 10:08:40 INFO  ro.mpp2026.repository.db.JdbcUtils - Getting database connection
2026-05-06 10:08:40 INFO  ro.mpp2026.repository.db.JdbcUtils - Database connection established successfully
2026-05-06 10:08:40 INFO  ro.mpp2026.repository.db.RegistrationDbRepository - findByEventId completed, 1 registrations found
2026-05-06 10:08:40 INFO  ro.mpp2026.repository.db.ChildDbRepository - Entering findById with id=1
2026-05-06 10:08:40 INFO  ro.mpp2026.repository.db.JdbcUtils - Getting database connection
2026-05-06 10:08:40 INFO  ro.mpp2026.repository.db.JdbcUtils - Database connection established successfully
2026-05-06 10:08:40 INFO  ro.mpp2026.repository.db.ChildDbRepository - Child found with id=1: Child{id=1, name='Ana Pop', cnp='1234567890123', age=7}
2026-05-06 10:08:40 INFO  ro.mpp2026.repository.db.RegistrationDbRepository - Entering findByChildId with childId=1
2026-05-06 10:08:40 INFO  ro.mpp2026.repository.db.JdbcUtils - Getting database connection
2026-05-06 10:08:40 INFO  ro.mpp2026.repository.db.JdbcUtils - Database connection established successfully
2026-05-06 10:08:40 INFO  ro.mpp2026.repository.db.RegistrationDbRepository - findByChildId completed, 2 registrations found
2026-05-06 10:08:40 INFO  ro.mpp2026.repository.db.EventDbRepository - Entering findById with id=1
2026-05-06 10:08:40 INFO  ro.mpp2026.repository.db.JdbcUtils - Getting database connection
2026-05-06 10:08:40 INFO  ro.mpp2026.repository.db.JdbcUtils - Database connection established successfully
2026-05-06 10:08:40 INFO  ro.mpp2026.repository.db.EventDbRepository - Event found with id=1: Event{id=1, name='50m', distance=50, minAge=6, maxAge=8}
2026-05-06 10:08:40 INFO  ro.mpp2026.repository.db.EventDbRepository - Entering findById with id=2
2026-05-06 10:08:40 INFO  ro.mpp2026.repository.db.JdbcUtils - Getting database connection
2026-05-06 10:08:40 INFO  ro.mpp2026.repository.db.JdbcUtils - Database connection established successfully
2026-05-06 10:08:40 INFO  ro.mpp2026.repository.db.EventDbRepository - Event found with id=2: Event{id=2, name='100m', distance=100, minAge=6, maxAge=8}
2026-05-06 10:08:40 INFO  ro.mpp2026.repository.db.RegistrationDbRepository - Entering findByEventId with eventId=2
2026-05-06 10:08:40 INFO  ro.mpp2026.repository.db.JdbcUtils - Getting database connection
2026-05-06 10:08:40 INFO  ro.mpp2026.repository.db.JdbcUtils - Database connection established successfully
2026-05-06 10:08:40 INFO  ro.mpp2026.repository.db.RegistrationDbRepository - findByEventId completed, 1 registrations found
2026-05-06 10:08:40 INFO  ro.mpp2026.repository.db.ChildDbRepository - Entering findById with id=1
2026-05-06 10:08:40 INFO  ro.mpp2026.repository.db.JdbcUtils - Getting database connection
2026-05-06 10:08:40 INFO  ro.mpp2026.repository.db.JdbcUtils - Database connection established successfully
2026-05-06 10:08:40 INFO  ro.mpp2026.repository.db.ChildDbRepository - Child found with id=1: Child{id=1, name='Ana Pop', cnp='1234567890123', age=7}
2026-05-06 10:08:40 INFO  ro.mpp2026.repository.db.RegistrationDbRepository - Entering findByChildId with childId=1
2026-05-06 10:08:40 INFO  ro.mpp2026.repository.db.JdbcUtils - Getting database connection
2026-05-06 10:08:40 INFO  ro.mpp2026.repository.db.JdbcUtils - Database connection established successfully
2026-05-06 10:08:40 INFO  ro.mpp2026.repository.db.RegistrationDbRepository - findByChildId completed, 2 registrations found
2026-05-06 10:08:40 INFO  ro.mpp2026.repository.db.EventDbRepository - Entering findById with id=1
2026-05-06 10:08:40 INFO  ro.mpp2026.repository.db.JdbcUtils - Getting database connection
2026-05-06 10:08:40 INFO  ro.mpp2026.repository.db.JdbcUtils - Database connection established successfully
2026-05-06 10:08:40 INFO  ro.mpp2026.repository.db.EventDbRepository - Event found with id=1: Event{id=1, name='50m', distance=50, minAge=6, maxAge=8}
2026-05-06 10:08:40 INFO  ro.mpp2026.repository.db.EventDbRepository - Entering findById with id=2
2026-05-06 10:08:40 INFO  ro.mpp2026.repository.db.JdbcUtils - Getting database connection
2026-05-06 10:08:40 INFO  ro.mpp2026.repository.db.JdbcUtils - Database connection established successfully
2026-05-06 10:08:40 INFO  ro.mpp2026.repository.db.EventDbRepository - Event found with id=2: Event{id=2, name='100m', distance=100, minAge=6, maxAge=8}
2026-05-06 10:08:40 INFO  ro.mpp2026.repository.db.RegistrationDbRepository - Entering findByEventId with eventId=2
2026-05-06 10:08:40 INFO  ro.mpp2026.repository.db.JdbcUtils - Getting database connection
2026-05-06 10:08:40 INFO  ro.mpp2026.repository.db.JdbcUtils - Database connection established successfully
2026-05-06 10:08:40 INFO  ro.mpp2026.repository.db.RegistrationDbRepository - findByEventId completed, 1 registrations found
2026-05-06 10:08:40 INFO  ro.mpp2026.repository.db.ChildDbRepository - Entering findById with id=1
2026-05-06 10:08:40 INFO  ro.mpp2026.repository.db.JdbcUtils - Getting database connection
2026-05-06 10:08:40 INFO  ro.mpp2026.repository.db.JdbcUtils - Database connection established successfully
2026-05-06 10:08:40 INFO  ro.mpp2026.repository.db.ChildDbRepository - Child found with id=1: Child{id=1, name='Ana Pop', cnp='1234567890123', age=7}
2026-05-06 10:08:40 INFO  ro.mpp2026.repository.db.RegistrationDbRepository - Entering findByChildId with childId=1
2026-05-06 10:08:40 INFO  ro.mpp2026.repository.db.JdbcUtils - Getting database connection
2026-05-06 10:08:40 INFO  ro.mpp2026.repository.db.JdbcUtils - Database connection established successfully
2026-05-06 10:08:40 INFO  ro.mpp2026.repository.db.RegistrationDbRepository - findByChildId completed, 2 registrations found
2026-05-06 10:08:40 INFO  ro.mpp2026.repository.db.EventDbRepository - Entering findById with id=1
2026-05-06 10:08:40 INFO  ro.mpp2026.repository.db.JdbcUtils - Getting database connection
2026-05-06 10:08:40 INFO  ro.mpp2026.repository.db.JdbcUtils - Database connection established successfully
2026-05-06 10:08:40 INFO  ro.mpp2026.repository.db.EventDbRepository - Event found with id=1: Event{id=1, name='50m', distance=50, minAge=6, maxAge=8}
2026-05-06 10:08:40 INFO  ro.mpp2026.repository.db.EventDbRepository - Entering findById with id=2
2026-05-06 10:08:40 INFO  ro.mpp2026.repository.db.JdbcUtils - Getting database connection
2026-05-06 10:08:40 INFO  ro.mpp2026.repository.db.JdbcUtils - Database connection established successfully
2026-05-06 10:08:40 INFO  ro.mpp2026.repository.db.EventDbRepository - Event found with id=2: Event{id=2, name='100m', distance=100, minAge=6, maxAge=8}
2026-05-06 10:08:41 INFO  ro.mpp2026.repository.db.EventDbRepository - Entering findAll
2026-05-06 10:08:41 INFO  ro.mpp2026.repository.db.JdbcUtils - Getting database connection
2026-05-06 10:08:41 INFO  ro.mpp2026.repository.db.JdbcUtils - Database connection established successfully
2026-05-06 10:08:41 INFO  ro.mpp2026.repository.db.EventDbRepository - findAll completed, 8 events loaded
2026-05-06 10:08:41 INFO  ro.mpp2026.repository.db.RegistrationDbRepository - Entering findByEventId with eventId=1
2026-05-06 10:08:41 INFO  ro.mpp2026.repository.db.JdbcUtils - Getting database connection
2026-05-06 10:08:41 INFO  ro.mpp2026.repository.db.JdbcUtils - Database connection established successfully
2026-05-06 10:08:41 INFO  ro.mpp2026.repository.db.RegistrationDbRepository - findByEventId completed, 3 registrations found
2026-05-06 10:08:41 INFO  ro.mpp2026.repository.db.RegistrationDbRepository - Entering findByEventId with eventId=2
2026-05-06 10:08:41 INFO  ro.mpp2026.repository.db.JdbcUtils - Getting database connection
2026-05-06 10:08:41 INFO  ro.mpp2026.repository.db.JdbcUtils - Database connection established successfully
2026-05-06 10:08:41 INFO  ro.mpp2026.repository.db.RegistrationDbRepository - findByEventId completed, 1 registrations found
2026-05-06 10:08:41 INFO  ro.mpp2026.repository.db.RegistrationDbRepository - Entering findByEventId with eventId=3
2026-05-06 10:08:41 INFO  ro.mpp2026.repository.db.JdbcUtils - Getting database connection
2026-05-06 10:08:41 INFO  ro.mpp2026.repository.db.JdbcUtils - Database connection established successfully
2026-05-06 10:08:41 INFO  ro.mpp2026.repository.db.RegistrationDbRepository - findByEventId completed, 1 registrations found
2026-05-06 10:08:41 INFO  ro.mpp2026.repository.db.RegistrationDbRepository - Entering findByEventId with eventId=4
2026-05-06 10:08:41 INFO  ro.mpp2026.repository.db.JdbcUtils - Getting database connection
2026-05-06 10:08:41 INFO  ro.mpp2026.repository.db.JdbcUtils - Database connection established successfully
2026-05-06 10:08:41 INFO  ro.mpp2026.repository.db.RegistrationDbRepository - findByEventId completed, 3 registrations found
2026-05-06 10:08:41 INFO  ro.mpp2026.repository.db.RegistrationDbRepository - Entering findByEventId with eventId=5
2026-05-06 10:08:41 INFO  ro.mpp2026.repository.db.JdbcUtils - Getting database connection
2026-05-06 10:08:41 INFO  ro.mpp2026.repository.db.JdbcUtils - Database connection established successfully
2026-05-06 10:08:41 INFO  ro.mpp2026.repository.db.RegistrationDbRepository - findByEventId completed, 1 registrations found
2026-05-06 10:08:41 INFO  ro.mpp2026.repository.db.RegistrationDbRepository - Entering findByEventId with eventId=6
2026-05-06 10:08:41 INFO  ro.mpp2026.repository.db.JdbcUtils - Getting database connection
2026-05-06 10:08:41 INFO  ro.mpp2026.repository.db.JdbcUtils - Database connection established successfully
2026-05-06 10:08:41 INFO  ro.mpp2026.repository.db.RegistrationDbRepository - findByEventId completed, 4 registrations found
2026-05-06 10:08:41 INFO  ro.mpp2026.repository.db.RegistrationDbRepository - Entering findByEventId with eventId=7
2026-05-06 10:08:41 INFO  ro.mpp2026.repository.db.JdbcUtils - Getting database connection
2026-05-06 10:08:41 INFO  ro.mpp2026.repository.db.JdbcUtils - Database connection established successfully
2026-05-06 10:08:41 INFO  ro.mpp2026.repository.db.RegistrationDbRepository - findByEventId completed, 4 registrations found
2026-05-06 10:08:41 INFO  ro.mpp2026.repository.db.RegistrationDbRepository - Entering findByEventId with eventId=8
2026-05-06 10:08:41 INFO  ro.mpp2026.repository.db.JdbcUtils - Getting database connection
2026-05-06 10:08:41 INFO  ro.mpp2026.repository.db.JdbcUtils - Database connection established successfully
2026-05-06 10:08:41 INFO  ro.mpp2026.repository.db.RegistrationDbRepository - findByEventId completed, 2 registrations found
2026-05-06 10:08:41 INFO  ro.mpp2026.repository.db.EventDbRepository - Entering findAll
2026-05-06 10:08:41 INFO  ro.mpp2026.repository.db.JdbcUtils - Getting database connection
2026-05-06 10:08:41 INFO  ro.mpp2026.repository.db.JdbcUtils - Database connection established successfully
2026-05-06 10:08:41 INFO  ro.mpp2026.repository.db.EventDbRepository - findAll completed, 8 events loaded
2026-05-06 10:08:41 INFO  ro.mpp2026.repository.db.RegistrationDbRepository - Entering findByEventId with eventId=1
2026-05-06 10:08:41 INFO  ro.mpp2026.repository.db.JdbcUtils - Getting database connection
2026-05-06 10:08:41 INFO  ro.mpp2026.repository.db.JdbcUtils - Database connection established successfully
2026-05-06 10:08:41 INFO  ro.mpp2026.repository.db.RegistrationDbRepository - findByEventId completed, 3 registrations found
2026-05-06 10:08:41 INFO  ro.mpp2026.repository.db.RegistrationDbRepository - Entering findByEventId with eventId=2
2026-05-06 10:08:41 INFO  ro.mpp2026.repository.db.JdbcUtils - Getting database connection
2026-05-06 10:08:41 INFO  ro.mpp2026.repository.db.JdbcUtils - Database connection established successfully
2026-05-06 10:08:41 INFO  ro.mpp2026.repository.db.RegistrationDbRepository - findByEventId completed, 1 registrations found
2026-05-06 10:08:41 INFO  ro.mpp2026.repository.db.RegistrationDbRepository - Entering findByEventId with eventId=3
2026-05-06 10:08:41 INFO  ro.mpp2026.repository.db.JdbcUtils - Getting database connection
2026-05-06 10:08:41 INFO  ro.mpp2026.repository.db.JdbcUtils - Database connection established successfully
2026-05-06 10:08:41 INFO  ro.mpp2026.repository.db.RegistrationDbRepository - findByEventId completed, 1 registrations found
2026-05-06 10:08:41 INFO  ro.mpp2026.repository.db.RegistrationDbRepository - Entering findByEventId with eventId=4
2026-05-06 10:08:41 INFO  ro.mpp2026.repository.db.JdbcUtils - Getting database connection
2026-05-06 10:08:41 INFO  ro.mpp2026.repository.db.JdbcUtils - Database connection established successfully
2026-05-06 10:08:41 INFO  ro.mpp2026.repository.db.RegistrationDbRepository - findByEventId completed, 3 registrations found
2026-05-06 10:08:41 INFO  ro.mpp2026.repository.db.RegistrationDbRepository - Entering findByEventId with eventId=5
2026-05-06 10:08:41 INFO  ro.mpp2026.repository.db.JdbcUtils - Getting database connection
2026-05-06 10:08:41 INFO  ro.mpp2026.repository.db.JdbcUtils - Database connection established successfully
2026-05-06 10:08:41 INFO  ro.mpp2026.repository.db.RegistrationDbRepository - findByEventId completed, 1 registrations found
2026-05-06 10:08:41 INFO  ro.mpp2026.repository.db.RegistrationDbRepository - Entering findByEventId with eventId=6
2026-05-06 10:08:41 INFO  ro.mpp2026.repository.db.JdbcUtils - Getting database connection
2026-05-06 10:08:41 INFO  ro.mpp2026.repository.db.JdbcUtils - Database connection established successfully
2026-05-06 10:08:41 INFO  ro.mpp2026.repository.db.RegistrationDbRepository - findByEventId completed, 4 registrations found
2026-05-06 10:08:41 INFO  ro.mpp2026.repository.db.RegistrationDbRepository - Entering findByEventId with eventId=7
2026-05-06 10:08:41 INFO  ro.mpp2026.repository.db.JdbcUtils - Getting database connection
2026-05-06 10:08:41 INFO  ro.mpp2026.repository.db.JdbcUtils - Database connection established successfully
2026-05-06 10:08:41 INFO  ro.mpp2026.repository.db.RegistrationDbRepository - findByEventId completed, 4 registrations found
2026-05-06 10:08:41 INFO  ro.mpp2026.repository.db.RegistrationDbRepository - Entering findByEventId with eventId=8
2026-05-06 10:08:41 INFO  ro.mpp2026.repository.db.JdbcUtils - Getting database connection
2026-05-06 10:08:41 INFO  ro.mpp2026.repository.db.JdbcUtils - Database connection established successfully
2026-05-06 10:08:41 INFO  ro.mpp2026.repository.db.RegistrationDbRepository - findByEventId completed, 2 registrations found
2026-05-06 10:08:41 INFO  ro.mpp2026.repository.db.RegistrationDbRepository - Entering findByEventId with eventId=2
2026-05-06 10:08:41 INFO  ro.mpp2026.repository.db.JdbcUtils - Getting database connection
2026-05-06 10:08:41 INFO  ro.mpp2026.repository.db.JdbcUtils - Database connection established successfully
2026-05-06 10:08:41 INFO  ro.mpp2026.repository.db.RegistrationDbRepository - findByEventId completed, 1 registrations found
2026-05-06 10:08:41 INFO  ro.mpp2026.repository.db.ChildDbRepository - Entering findById with id=1
2026-05-06 10:08:41 INFO  ro.mpp2026.repository.db.JdbcUtils - Getting database connection
2026-05-06 10:08:41 INFO  ro.mpp2026.repository.db.JdbcUtils - Database connection established successfully
2026-05-06 10:08:41 INFO  ro.mpp2026.repository.db.ChildDbRepository - Child found with id=1: Child{id=1, name='Ana Pop', cnp='1234567890123', age=7}
2026-05-06 10:08:41 INFO  ro.mpp2026.repository.db.RegistrationDbRepository - Entering findByChildId with childId=1
2026-05-06 10:08:41 INFO  ro.mpp2026.repository.db.JdbcUtils - Getting database connection
2026-05-06 10:08:41 INFO  ro.mpp2026.repository.db.JdbcUtils - Database connection established successfully
2026-05-06 10:08:41 INFO  ro.mpp2026.repository.db.RegistrationDbRepository - findByChildId completed, 2 registrations found
2026-05-06 10:08:41 INFO  ro.mpp2026.repository.db.EventDbRepository - Entering findById with id=1
2026-05-06 10:08:41 INFO  ro.mpp2026.repository.db.JdbcUtils - Getting database connection
2026-05-06 10:08:41 INFO  ro.mpp2026.repository.db.JdbcUtils - Database connection established successfully
2026-05-06 10:08:41 INFO  ro.mpp2026.repository.db.EventDbRepository - Event found with id=1: Event{id=1, name='50m', distance=50, minAge=6, maxAge=8}
2026-05-06 10:08:41 INFO  ro.mpp2026.repository.db.EventDbRepository - Entering findById with id=2
2026-05-06 10:08:41 INFO  ro.mpp2026.repository.db.JdbcUtils - Getting database connection
2026-05-06 10:08:41 INFO  ro.mpp2026.repository.db.JdbcUtils - Database connection established successfully
2026-05-06 10:08:41 INFO  ro.mpp2026.repository.db.EventDbRepository - Event found with id=2: Event{id=2, name='100m', distance=100, minAge=6, maxAge=8}
2026-05-06 10:08:41 INFO  ro.mpp2026.repository.db.RegistrationDbRepository - Entering findByEventId with eventId=2
2026-05-06 10:08:41 INFO  ro.mpp2026.repository.db.JdbcUtils - Getting database connection
2026-05-06 10:08:41 INFO  ro.mpp2026.repository.db.JdbcUtils - Database connection established successfully
2026-05-06 10:08:41 INFO  ro.mpp2026.repository.db.RegistrationDbRepository - findByEventId completed, 1 registrations found
2026-05-06 10:08:41 INFO  ro.mpp2026.repository.db.ChildDbRepository - Entering findById with id=1
2026-05-06 10:08:41 INFO  ro.mpp2026.repository.db.JdbcUtils - Getting database connection
2026-05-06 10:08:41 INFO  ro.mpp2026.repository.db.JdbcUtils - Database connection established successfully
2026-05-06 10:08:41 INFO  ro.mpp2026.repository.db.ChildDbRepository - Child found with id=1: Child{id=1, name='Ana Pop', cnp='1234567890123', age=7}
2026-05-06 10:08:41 INFO  ro.mpp2026.repository.db.RegistrationDbRepository - Entering findByChildId with childId=1
2026-05-06 10:08:41 INFO  ro.mpp2026.repository.db.JdbcUtils - Getting database connection
2026-05-06 10:08:41 INFO  ro.mpp2026.repository.db.JdbcUtils - Database connection established successfully
2026-05-06 10:08:41 INFO  ro.mpp2026.repository.db.RegistrationDbRepository - findByChildId completed, 2 registrations found
2026-05-06 10:08:41 INFO  ro.mpp2026.repository.db.EventDbRepository - Entering findById with id=1
2026-05-06 10:08:41 INFO  ro.mpp2026.repository.db.JdbcUtils - Getting database connection
2026-05-06 10:08:41 INFO  ro.mpp2026.repository.db.JdbcUtils - Database connection established successfully
2026-05-06 10:08:41 INFO  ro.mpp2026.repository.db.EventDbRepository - Event found with id=1: Event{id=1, name='50m', distance=50, minAge=6, maxAge=8}
2026-05-06 10:08:41 INFO  ro.mpp2026.repository.db.EventDbRepository - Entering findById with id=2
2026-05-06 10:08:41 INFO  ro.mpp2026.repository.db.JdbcUtils - Getting database connection
2026-05-06 10:08:41 INFO  ro.mpp2026.repository.db.JdbcUtils - Database connection established successfully
2026-05-06 10:08:41 INFO  ro.mpp2026.repository.db.EventDbRepository - Event found with id=2: Event{id=2, name='100m', distance=100, minAge=6, maxAge=8}
